<?xml version="1.0" encoding="UTF-8"?>
<!--XBRL Document Created with the Workiva Platform-->
<!--Copyright 2023 Workiva-->
<!--r:ecc8a488-ea65-4937-b6f1-c1002556177f,g:54641354-c9ff-45f0-9d99-6c61917b3c72-->
<link:linkbase xmlns:link="http://www.xbrl.org/2003/linkbase" xmlns:xlink="http://www.w3.org/1999/xlink" xmlns:xsi="http://www.w3.org/2001/XMLSchema-instance" xsi:schemaLocation="http://www.xbrl.org/2003/linkbase http://www.xbrl.org/2003/xbrl-linkbase-2003-12-31.xsd">
  <link:roleRef roleURI="http://www.apple.com/role/CONDENSEDCONSOLIDATEDSTATEMENTSOFOPERATIONSUnaudited" xlink:type="simple" xlink:href="aapl-20230701.xsd#CONDENSEDCONSOLIDATEDSTATEMENTSOFOPERATIONSUnaudited"/>
  <link:calculationLink xlink:role="http://www.apple.com/role/CONDENSEDCONSOLIDATEDSTATEMENTSOFOPERATIONSUnaudited" xlink:type="extended">
    <link:loc xlink:type="locator" xlink:label="loc_us-gaap_IncomeLossFromContinuingOperationsBeforeIncomeTaxesExtraordinaryItemsNoncontrollingInterest_e0eb3483-01d7-4ec9-9850-784b0a03ee67" xlink:href="https://xbrl.fasb.org/us-gaap/2023/elts/us-gaap-2023.xsd#us-gaap_IncomeLossFromContinuingOperationsBeforeIncomeTaxesExtraordinaryItemsNoncontrollingInterest"/>
    <link:loc xlink:type="locator" xlink:label="loc_us-gaap_OperatingIncomeLoss_9d7b953d-adbc-4769-a626-f2e2794e0f0a" xlink:href="https://xbrl.fasb.org/us-gaap/2023/elts/us-gaap-2023.xsd#us-gaap_OperatingIncomeLoss"/>
    <link:calculationArc order="1" weight="1.0" xlink:arcrole="http://www.xbrl.org/2003/arcrole/summation-item" xlink:from="loc_us-gaap_IncomeLossFromContinuingOperationsBeforeIncomeTaxesExtraordinaryItemsNoncontrollingInterest_e0eb3483-01d7-4ec9-9850-784b0a03ee67" xlink:to="loc_us-gaap_OperatingIncomeLoss_9d7b953d-adbc-4769-a626-f2e2794e0f0a" xlink:type="arc"/>
    <link:loc xlink:type="locator" xlink:label="loc_us-gaap_NonoperatingIncomeExpense_61b1f3f4-1709-4b5a-a4c4-4e4b2fda1079" xlink:href="https://xbrl.fasb.org/us-gaap/2023/elts/us-gaap-2023.xsd#us-gaap_NonoperatingIncomeExpense"/>
    <link:calculationArc order="2" weight="1.0" xlink:arcrole="http://www.xbrl.org/2003/arcrole/summation-item" xlink:from="loc_us-gaap_IncomeLossFromContinuingOperationsBeforeIncomeTaxesExtraordinaryItemsNoncontrollingInterest_e0eb3483-01d7-4ec9-9850-784b0a03ee67" xlink:to="loc_us-gaap_NonoperatingIncomeExpense_61b1f3f4-1709-4b5a-a4c4-4e4b2fda1079" xlink:type="arc"/>
    <link:loc xlink:type="locator" xlink:label="loc_us-gaap_GrossProfit_7e49bbb5-bad4-4485-8c2d-86192b85ad67" xlink:href="https://xbrl.fasb.org/us-gaap/2023/elts/us-gaap-2023.xsd#us-gaap_GrossProfit"/>
    <link:loc xlink:type="locator" xlink:label="loc_us-gaap_RevenueFromContractWithCustomerExcludingAssessedTax_82f53b54-1693-4f2f-9297-d7f8e3cbb2a6" xlink:href="https://xbrl.fasb.org/us-gaap/2023/elts/us-gaap-2023.xsd#us-gaap_RevenueFromContractWithCustomerExcludingAssessedTax"/>
    <link:calculationArc order="1" weight="1.0" xlink:arcrole="http://www.xbrl.org/2003/arcrole/summation-item" xlink:from="loc_us-gaap_GrossProfit_7e49bbb5-bad4-4485-8c2d-86192b85ad67" xlink:to="loc_us-gaap_RevenueFromContractWithCustomerExcludingAssessedTax_82f53b54-1693-4f2f-9297-d7f8e3cbb2a6" xlink:type="arc"/>
    <link:loc xlink:type="locator" xlink:label="loc_us-gaap_CostOfGoodsAndServicesSold_31b29c9b-c98c-4d57-9cd0-196902526de0" xlink:href="https://xbrl.fasb.org/us-gaap/2023/elts/us-gaap-2023.xsd#us-gaap_CostOfGoodsAndServicesSold"/>
    <link:calculationArc order="2" weight="-1.0" xlink:arcrole="http://www.xbrl.org/2003/arcrole/summation-item" xlink:from="loc_us-gaap_GrossProfit_7e49bbb5-bad4-4485-8c2d-86192b85ad67" xlink:to="loc_us-gaap_CostOfGoodsAndServicesSold_31b29c9b-c98c-4d57-9cd0-196902526de0" xlink:type="arc"/>
    <link:loc xlink:type="locator" xlink:label="loc_us-gaap_NetIncomeLoss_d2f2abb4-f205-46a5-906f-da7866a3df37" xlink:href="https://xbrl.fasb.org/us-gaap/2023/elts/us-gaap-2023.xsd#us-gaap_NetIncomeLoss"/>
    <link:loc xlink:type="locator" xlink:label="loc_us-gaap_IncomeLossFromContinuingOperationsBeforeIncomeTaxesExtraordinaryItemsNoncontrollingInterest_0b88067c-83cf-4f60-a37a-fd62e812a55f" xlink:href="https://xbrl.fasb.org/us-gaap/2023/elts/us-gaap-2023.xsd#us-gaap_IncomeLossFromContinuingOperationsBeforeIncomeTaxesExtraordinaryItemsNoncontrollingInterest"/>
    <link:calculationArc order="1" weight="1.0" xlink:arcrole="http://www.xbrl.org/2003/arcrole/summation-item" xlink:from="loc_us-gaap_NetIncomeLoss_d2f2abb4-f205-46a5-906f-da7866a3df37" xlink:to="loc_us-gaap_IncomeLossFromContinuingOperationsBeforeIncomeTaxesExtraordinaryItemsNoncontrollingInterest_0b88067c-83cf-4f60-a37a-fd62e812a55f" xlink:type="arc"/>
    <link:loc xlink:type="locator" xlink:label="loc_us-gaap_IncomeTaxExpenseBenefit_cb6229ca-326f-45df-a1ec-258e5e26fd8b" xlink:href="https://xbrl.fasb.org/us-gaap/2023/elts/us-gaap-2023.xsd#us-gaap_IncomeTaxExpenseBenefit"/>
    <link:calculationArc order="2" weight="-1.0" xlink:arcrole="http://www.xbrl.org/2003/arcrole/summation-item" xlink:from="loc_us-gaap_NetIncomeLoss_d2f2abb4-f205-46a5-906f-da7866a3df37" xlink:to="loc_us-gaap_IncomeTaxExpenseBenefit_cb6229ca-326f-45df-a1ec-258e5e26fd8b" xlink:type="arc"/>
    <link:loc xlink:type="locator" xlink:label="loc_us-gaap_OperatingExpenses_91bd055d-52d2-48de-948a-edf30ff663c9" xlink:href="https://xbrl.fasb.org/us-gaap/2023/elts/us-gaap-2023.xsd#us-gaap_OperatingExpenses"/>
    <link:loc xlink:type="locator" xlink:label="loc_us-gaap_ResearchAndDevelopmentExpense_8668d6e0-3a68-4075-b59a-ff32c02c522b" xlink:href="https://xbrl.fasb.org/us-gaap/2023/elts/us-gaap-2023.xsd#us-gaap_ResearchAndDevelopmentExpense"/>
    <link:calculationArc order="1" weight="1.0" xlink:arcrole="http://www.xbrl.org/2003/arcrole/summation-item" xlink:from="loc_us-gaap_OperatingExpenses_91bd055d-52d2-48de-948a-edf30ff663c9" xlink:to="loc_us-gaap_ResearchAndDevelopmentExpense_8668d6e0-3a68-4075-b59a-ff32c02c522b" xlink:type="arc"/>
    <link:loc xlink:type="locator" xlink:label="loc_us-gaap_SellingGeneralAndAdministrativeExpense_db4cce9a-fa97-4ebc-97eb-95de1a44822c" xlink:href="https://xbrl.fasb.org/us-gaap/2023/elts/us-gaap-2023.xsd#us-gaap_SellingGeneralAndAdministrativeExpense"/>
    <link:calculationArc order="2" weight="1.0" xlink:arcrole="http://www.xbrl.org/2003/arcrole/summation-item" xlink:from="loc_us-gaap_OperatingExpenses_91bd055d-52d2-48de-948a-edf30ff663c9" xlink:to="loc_us-gaap_SellingGeneralAndAdministrativeExpense_db4cce9a-fa97-4ebc-97eb-95de1a44822c" xlink:type="arc"/>
    <link:loc xlink:type="locator" xlink:label="loc_us-gaap_OperatingIncomeLoss_8bc59292-dd70-4b45-957a-02708843ebaa" xlink:href="https://xbrl.fasb.org/us-gaap/2023/elts/us-gaap-2023.xsd#us-gaap_OperatingIncomeLoss"/>
    <link:loc xlink:type="locator" xlink:label="loc_us-gaap_GrossProfit_4dcf8223-2610-4128-a19c-120ff130f7b1" xlink:href="https://xbrl.fasb.org/us-gaap/2023/elts/us-gaap-2023.xsd#us-gaap_GrossProfit"/>
    <link:calculationArc order="1" weight="1.0" xlink:arcrole="http://www.xbrl.org/2003/arcrole/summation-item" xlink:from="loc_us-gaap_OperatingIncomeLoss_8bc59292-dd70-4b45-957a-02708843ebaa" xlink:to="loc_us-gaap_GrossProfit_4dcf8223-2610-4128-a19c-120ff130f7b1" xlink:type="arc"/>
    <link:loc xlink:type="locator" xlink:label="loc_us-gaap_OperatingExpenses_625c38fc-7512-4bfb-b923-c575a72ef8e0" xlink:href="https://xbrl.fasb.org/us-gaap/2023/elts/us-gaap-2023.xsd#us-gaap_OperatingExpenses"/>
    <link:calculationArc order="2" weight="-1.0" xlink:arcrole="http://www.xbrl.org/2003/arcrole/summation-item" xlink:from="loc_us-gaap_OperatingIncomeLoss_8bc59292-dd70-4b45-957a-02708843ebaa" xlink:to="loc_us-gaap_OperatingExpenses_625c38fc-7512-4bfb-b923-c575a72ef8e0" xlink:type="arc"/>
  </link:calculationLink>
  <link:roleRef roleURI="http://www.apple.com/role/CONDENSEDCONSOLIDATEDSTATEMENTSOFCOMPREHENSIVEINCOMEUnaudited" xlink:type="simple" xlink:href="aapl-20230701.xsd#CONDENSEDCONSOLIDATEDSTATEMENTSOFCOMPREHENSIVEINCOMEUnaudited"/>
  <link:calculationLink xlink:role="http://www.apple.com/role/CONDENSEDCONSOLIDATEDSTATEMENTSOFCOMPREHENSIVEINCOMEUnaudited" xlink:type="extended">
    <link:loc xlink:type="locator" xlink:label="loc_us-gaap_ComprehensiveIncomeNetOfTax_a3a30087-0b68-4722-9dbf-1d8a3ede12d7" xlink:href="https://xbrl.fasb.org/us-gaap/2023/elts/us-gaap-2023.xsd#us-gaap_ComprehensiveIncomeNetOfTax"/>
    <link:loc xlink:type="locator" xlink:label="loc_us-gaap_NetIncomeLoss_ad8b12bc-47ab-479e-8113-d26e4484e236" xlink:href="https://xbrl.fasb.org/us-gaap/2023/elts/us-gaap-2023.xsd#us-gaap_NetIncomeLoss"/>
    <link:calculationArc order="1" weight="1.0" xlink:arcrole="http://www.xbrl.org/2003/arcrole/summation-item" xlink:from="loc_us-gaap_ComprehensiveIncomeNetOfTax_a3a30087-0b68-4722-9dbf-1d8a3ede12d7" xlink:to="loc_us-gaap_NetIncomeLoss_ad8b12bc-47ab-479e-8113-d26e4484e236" xlink:type="arc"/>
    <link:loc xlink:type="locator" xlink:label="loc_us-gaap_OtherComprehensiveIncomeLossNetOfTaxPortionAttributableToParent_ab310aa7-82a9-4ba7-8308-2687b8646ccf" xlink:href="https://xbrl.fasb.org/us-gaap/2023/elts/us-gaap-2023.xsd#us-gaap_OtherComprehensiveIncomeLossNetOfTaxPortionAttributableToParent"/>
    <link:calculationArc order="2" weight="1.0" xlink:arcrole="http://www.xbrl.org/2003/arcrole/summation-item" xlink:from="loc_us-gaap_ComprehensiveIncomeNetOfTax_a3a30087-0b68-4722-9dbf-1d8a3ede12d7" xlink:to="loc_us-gaap_OtherComprehensiveIncomeLossNetOfTaxPortionAttributableToParent_ab310aa7-82a9-4ba7-8308-2687b8646ccf" xlink:type="arc"/>
    <link:loc xlink:type="locator" xlink:label="loc_us-gaap_OtherComprehensiveIncomeLossAvailableForSaleSecuritiesAdjustmentNetOfTax_4f41203b-8853-4883-806a-2abe7191bc7e" xlink:href="https://xbrl.fasb.org/us-gaap/2023/elts/us-gaap-2023.xsd#us-gaap_OtherComprehensiveIncomeLossAvailableForSaleSecuritiesAdjustmentNetOfTax"/>
    <link:loc xlink:type="locator" xlink:label="loc_us-gaap_OtherComprehensiveIncomeUnrealizedHoldingGainLossOnSecuritiesArisingDuringPeriodNetOfTax_802c1eb0-9b31-485e-841c-8bf8f774a256" xlink:href="https://xbrl.fasb.org/us-gaap/2023/elts/us-gaap-2023.xsd#us-gaap_OtherComprehensiveIncomeUnrealizedHoldingGainLossOnSecuritiesArisingDuringPeriodNetOfTax"/>
    <link:calculationArc order="1" weight="1.0" xlink:arcrole="http://www.xbrl.org/2003/arcrole/summation-item" xlink:from="loc_us-gaap_OtherComprehensiveIncomeLossAvailableForSaleSecuritiesAdjustmentNetOfTax_4f41203b-8853-4883-806a-2abe7191bc7e" xlink:to="loc_us-gaap_OtherComprehensiveIncomeUnrealizedHoldingGainLossOnSecuritiesArisingDuringPeriodNetOfTax_802c1eb0-9b31-485e-841c-8bf8f774a256" xlink:type="arc"/>
    <link:loc xlink:type="locator" xlink:label="loc_us-gaap_OtherComprehensiveIncomeLossReclassificationAdjustmentFromAOCIForSaleOfSecuritiesNetOfTax_d9db8f33-d368-4f4e-bfc5-0ca9e4b819cb" xlink:href="https://xbrl.fasb.org/us-gaap/2023/elts/us-gaap-2023.xsd#us-gaap_OtherComprehensiveIncomeLossReclassificationAdjustmentFromAOCIForSaleOfSecuritiesNetOfTax"/>
    <link:calculationArc order="2" weight="-1.0" xlink:arcrole="http://www.xbrl.org/2003/arcrole/summation-item" xlink:from="loc_us-gaap_OtherComprehensiveIncomeLossAvailableForSaleSecuritiesAdjustmentNetOfTax_4f41203b-8853-4883-806a-2abe7191bc7e" xlink:to="loc_us-gaap_OtherComprehensiveIncomeLossReclassificationAdjustmentFromAOCIForSaleOfSecuritiesNetOfTax_d9db8f33-d368-4f4e-bfc5-0ca9e4b819cb" xlink:type="arc"/>
    <link:loc xlink:type="locator" xlink:label="loc_us-gaap_OtherComprehensiveIncomeLossNetOfTaxPortionAttributableToParent_5fcf4566-ab4b-47f5-8719-218d91ad5bd2" xlink:href="https://xbrl.fasb.org/us-gaap/2023/elts/us-gaap-2023.xsd#us-gaap_OtherComprehensiveIncomeLossNetOfTaxPortionAttributableToParent"/>
    <link:loc xlink:type="locator" xlink:label="loc_us-gaap_OtherComprehensiveIncomeLossForeignCurrencyTransactionAndTranslationAdjustmentNetOfTax_aa18bf49-924d-4bdd-b9e1-0f9e9092a83d" xlink:href="https://xbrl.fasb.org/us-gaap/2023/elts/us-gaap-2023.xsd#us-gaap_OtherComprehensiveIncomeLossForeignCurrencyTransactionAndTranslationAdjustmentNetOfTax"/>
    <link:calculationArc order="1" weight="1.0" xlink:arcrole="http://www.xbrl.org/2003/arcrole/summation-item" xlink:from="loc_us-gaap_OtherComprehensiveIncomeLossNetOfTaxPortionAttributableToParent_5fcf4566-ab4b-47f5-8719-218d91ad5bd2" xlink:to="loc_us-gaap_OtherComprehensiveIncomeLossForeignCurrencyTransactionAndTranslationAdjustmentNetOfTax_aa18bf49-924d-4bdd-b9e1-0f9e9092a83d" xlink:type="arc"/>
    <link:loc xlink:type="locator" xlink:label="loc_aapl_OtherComprehensiveIncomeLossDerivativeInstrumentGainLossafterReclassificationandTax_efeb1548-57db-4711-9235-b384ef911f38" xlink:href="aapl-20230701.xsd#aapl_OtherComprehensiveIncomeLossDerivativeInstrumentGainLossafterReclassificationandTax"/>
    <link:calculationArc order="2" weight="1.0" xlink:arcrole="http://www.xbrl.org/2003/arcrole/summation-item" xlink:from="loc_us-gaap_OtherComprehensiveIncomeLossNetOfTaxPortionAttributableToParent_5fcf4566-ab4b-47f5-8719-218d91ad5bd2" xlink:to="loc_aapl_OtherComprehensiveIncomeLossDerivativeInstrumentGainLossafterReclassificationandTax_efeb1548-57db-4711-9235-b384ef911f38" xlink:type="arc"/>
    <link:loc xlink:type="locator" xlink:label="loc_us-gaap_OtherComprehensiveIncomeLossAvailableForSaleSecuritiesAdjustmentNetOfTax_6aaf0cb0-5b1a-446a-9627-32b6e0882685" xlink:href="https://xbrl.fasb.org/us-gaap/2023/elts/us-gaap-2023.xsd#us-gaap_OtherComprehensiveIncomeLossAvailableForSaleSecuritiesAdjustmentNetOfTax"/>
    <link:calculationArc order="3" weight="1.0" xlink:arcrole="http://www.xbrl.org/2003/arcrole/summation-item" xlink:from="loc_us-gaap_OtherComprehensiveIncomeLossNetOfTaxPortionAttributableToParent_5fcf4566-ab4b-47f5-8719-218d91ad5bd2" xlink:to="loc_us-gaap_OtherComprehensiveIncomeLossAvailableForSaleSecuritiesAdjustmentNetOfTax_6aaf0cb0-5b1a-446a-9627-32b6e0882685" xlink:type="arc"/>
    <link:loc xlink:type="locator" xlink:label="loc_aapl_OtherComprehensiveIncomeLossDerivativeInstrumentGainLossafterReclassificationandTax_b1f580e4-e979-43f4-9a60-6d5240ff7b45" xlink:href="aapl-20230701.xsd#aapl_OtherComprehensiveIncomeLossDerivativeInstrumentGainLossafterReclassificationandTax"/>
    <link:loc xlink:type="locator" xlink:label="loc_aapl_OtherComprehensiveIncomeLossDerivativeInstrumentGainLossbeforeReclassificationafterTax_f87b90c5-1bfe-42d8-a783-06950510168a" xlink:href="aapl-20230701.xsd#aapl_OtherComprehensiveIncomeLossDerivativeInstrumentGainLossbeforeReclassificationafterTax"/>
    <link:calculationArc order="1" weight="1.0" xlink:arcrole="http://www.xbrl.org/2003/arcrole/summation-item" xlink:from="loc_aapl_OtherComprehensiveIncomeLossDerivativeInstrumentGainLossafterReclassificationandTax_b1f580e4-e979-43f4-9a60-6d5240ff7b45" xlink:to="loc_aapl_OtherComprehensiveIncomeLossDerivativeInstrumentGainLossbeforeReclassificationafterTax_f87b90c5-1bfe-42d8-a783-06950510168a" xlink:type="arc"/>
    <link:loc xlink:type="locator" xlink:label="loc_aapl_OtherComprehensiveIncomeLossDerivativeInstrumentGainLossReclassificationAfterTax_d8268696-a3de-4fc5-9fb2-1a03e205e34e" xlink:href="aapl-20230701.xsd#aapl_OtherComprehensiveIncomeLossDerivativeInstrumentGainLossReclassificationAfterTax"/>
    <link:calculationArc order="2" weight="-1.0" xlink:arcrole="http://www.xbrl.org/2003/arcrole/summation-item" xlink:from="loc_aapl_OtherComprehensiveIncomeLossDerivativeInstrumentGainLossafterReclassificationandTax_b1f580e4-e979-43f4-9a60-6d5240ff7b45" xlink:to="loc_aapl_OtherComprehensiveIncomeLossDerivativeInstrumentGainLossReclassificationAfterTax_d8268696-a3de-4fc5-9fb2-1a03e205e34e" xlink:type="arc"/>
  </link:calculationLink>
  <link:roleRef roleURI="http://www.apple.com/role/CONDENSEDCONSOLIDATEDBALANCESHEETSUnaudited" xlink:type="simple" xlink:href="aapl-20230701.xsd#CONDENSEDCONSOLIDATEDBALANCESHEETSUnaudited"/>
  <link:calculationLink xlink:role="http://www.apple.com/role/CONDENSEDCONSOLIDATEDBALANCESHEETSUnaudited" xlink:type="extended">
    <link:loc xlink:type="locator" xlink:label="loc_us-gaap_LiabilitiesNoncurrent_e721dc86-fd6e-4c47-abbd-40d69eda8b7c" xlink:href="https://xbrl.fasb.org/us-gaap/2023/elts/us-gaap-2023.xsd#us-gaap_LiabilitiesNoncurrent"/>
    <link:loc xlink:type="locator" xlink:label="loc_us-gaap_LongTermDebtNoncurrent_d18131a9-4cd9-48d5-b29b-cc652745ee35" xlink:href="https://xbrl.fasb.org/us-gaap/2023/elts/us-gaap-2023.xsd#us-gaap_LongTermDebtNoncurrent"/>
    <link:calculationArc order="1" weight="1.0" xlink:arcrole="http://www.xbrl.org/2003/arcrole/summation-item" xlink:from="loc_us-gaap_LiabilitiesNoncurrent_e721dc86-fd6e-4c47-abbd-40d69eda8b7c" xlink:to="loc_us-gaap_LongTermDebtNoncurrent_d18131a9-4cd9-48d5-b29b-cc652745ee35" xlink:type="arc"/>
    <link:loc xlink:type="locator" xlink:label="loc_us-gaap_OtherLiabilitiesNoncurrent_a7a46e3b-ac04-4969-900d-26fb77785ea2" xlink:href="https://xbrl.fasb.org/us-gaap/2023/elts/us-gaap-2023.xsd#us-gaap_OtherLiabilitiesNoncurrent"/>
    <link:calculationArc order="2" weight="1.0" xlink:arcrole="http://www.xbrl.org/2003/arcrole/summation-item" xlink:from="loc_us-gaap_LiabilitiesNoncurrent_e721dc86-fd6e-4c47-abbd-40d69eda8b7c" xlink:to="loc_us-gaap_OtherLiabilitiesNoncurrent_a7a46e3b-ac04-4969-900d-26fb77785ea2" xlink:type="arc"/>
    <link:loc xlink:type="locator" xlink:label="loc_us-gaap_AssetsCurrent_22177c4b-cdfa-432a-95f1-70f0bb227ba4" xlink:href="https://xbrl.fasb.org/us-gaap/2023/elts/us-gaap-2023.xsd#us-gaap_AssetsCurrent"/>
    <link:loc xlink:type="locator" xlink:label="loc_us-gaap_CashAndCashEquivalentsAtCarryingValue_a5214f70-2ad9-4999-807f-317e5c661600" xlink:href="https://xbrl.fasb.org/us-gaap/2023/elts/us-gaap-2023.xsd#us-gaap_CashAndCashEquivalentsAtCarryingValue"/>
    <link:calculationArc order="1" weight="1.0" xlink:arcrole="http://www.xbrl.org/2003/arcrole/summation-item" xlink:from="loc_us-gaap_AssetsCurrent_22177c4b-cdfa-432a-95f1-70f0bb227ba4" xlink:to="loc_us-gaap_CashAndCashEquivalentsAtCarryingValue_a5214f70-2ad9-4999-807f-317e5c661600" xlink:type="arc"/>
    <link:loc xlink:type="locator" xlink:label="loc_us-gaap_MarketableSecuritiesCurrent_ad36c75c-37ae-49ce-95d2-559001ac52b3" xlink:href="https://xbrl.fasb.org/us-gaap/2023/elts/us-gaap-2023.xsd#us-gaap_MarketableSecuritiesCurrent"/>
    <link:calculationArc order="2" weight="1.0" xlink:arcrole="http://www.xbrl.org/2003/arcrole/summation-item" xlink:from="loc_us-gaap_AssetsCurrent_22177c4b-cdfa-432a-95f1-70f0bb227ba4" xlink:to="loc_us-gaap_MarketableSecuritiesCurrent_ad36c75c-37ae-49ce-95d2-559001ac52b3" xlink:type="arc"/>
    <link:loc xlink:type="locator" xlink:label="loc_us-gaap_AccountsReceivableNetCurrent_28fd1225-1c61-4e62-af37-8614dfe55403" xlink:href="https://xbrl.fasb.org/us-gaap/2023/elts/us-gaap-2023.xsd#us-gaap_AccountsReceivableNetCurrent"/>
    <link:calculationArc order="3" weight="1.0" xlink:arcrole="http://www.xbrl.org/2003/arcrole/summation-item" xlink:from="loc_us-gaap_AssetsCurrent_22177c4b-cdfa-432a-95f1-70f0bb227ba4" xlink:to="loc_us-gaap_AccountsReceivableNetCurrent_28fd1225-1c61-4e62-af37-8614dfe55403" xlink:type="arc"/>
    <link:loc xlink:type="locator" xlink:label="loc_us-gaap_InventoryNet_6ae907e1-ced4-45d9-b320-07ac0b41abb4" xlink:href="https://xbrl.fasb.org/us-gaap/2023/elts/us-gaap-2023.xsd#us-gaap_InventoryNet"/>
    <link:calculationArc order="4" weight="1.0" xlink:arcrole="http://www.xbrl.org/2003/arcrole/summation-item" xlink:from="loc_us-gaap_AssetsCurrent_22177c4b-cdfa-432a-95f1-70f0bb227ba4" xlink:to="loc_us-gaap_InventoryNet_6ae907e1-ced4-45d9-b320-07ac0b41abb4" xlink:type="arc"/>
    <link:loc xlink:type="locator" xlink:label="loc_us-gaap_NontradeReceivablesCurrent_6ac11393-78e6-4993-9369-8619022f65ba" xlink:href="https://xbrl.fasb.org/us-gaap/2023/elts/us-gaap-2023.xsd#us-gaap_NontradeReceivablesCurrent"/>
    <link:calculationArc order="5" weight="1.0" xlink:arcrole="http://www.xbrl.org/2003/arcrole/summation-item" xlink:from="loc_us-gaap_AssetsCurrent_22177c4b-cdfa-432a-95f1-70f0bb227ba4" xlink:to="loc_us-gaap_NontradeReceivablesCurrent_6ac11393-78e6-4993-9369-8619022f65ba" xlink:type="arc"/>
    <link:loc xlink:type="locator" xlink:label="loc_us-gaap_OtherAssetsCurrent_01cba72d-5277-4eff-816b-05f90cea1496" xlink:href="https://xbrl.fasb.org/us-gaap/2023/elts/us-gaap-2023.xsd#us-gaap_OtherAssetsCurrent"/>
    <link:calculationArc order="6" weight="1.0" xlink:arcrole="http://www.xbrl.org/2003/arcrole/summation-item" xlink:from="loc_us-gaap_AssetsCurrent_22177c4b-cdfa-432a-95f1-70f0bb227ba4" xlink:to="loc_us-gaap_OtherAssetsCurrent_01cba72d-5277-4eff-816b-05f90cea1496" xlink:type="arc"/>
    <link:loc xlink:type="locator" xlink:label="loc_us-gaap_LiabilitiesCurrent_c9a5f2b3-de0f-4e88-9331-062265f19afb" xlink:href="https://xbrl.fasb.org/us-gaap/2023/elts/us-gaap-2023.xsd#us-gaap_LiabilitiesCurrent"/>
    <link:loc xlink:type="locator" xlink:label="loc_us-gaap_AccountsPayableCurrent_1e49d2e5-dfc1-40a8-8862-cc023c76a39f" xlink:href="https://xbrl.fasb.org/us-gaap/2023/elts/us-gaap-2023.xsd#us-gaap_AccountsPayableCurrent"/>
    <link:calculationArc order="1" weight="1.0" xlink:arcrole="http://www.xbrl.org/2003/arcrole/summation-item" xlink:from="loc_us-gaap_LiabilitiesCurrent_c9a5f2b3-de0f-4e88-9331-062265f19afb" xlink:to="loc_us-gaap_AccountsPayableCurrent_1e49d2e5-dfc1-40a8-8862-cc023c76a39f" xlink:type="arc"/>
    <link:loc xlink:type="locator" xlink:label="loc_us-gaap_OtherLiabilitiesCurrent_6fd74482-c2c8-4078-a97a-e86eca6c8441" xlink:href="https://xbrl.fasb.org/us-gaap/2023/elts/us-gaap-2023.xsd#us-gaap_OtherLiabilitiesCurrent"/>
    <link:calculationArc order="2" weight="1.0" xlink:arcrole="http://www.xbrl.org/2003/arcrole/summation-item" xlink:from="loc_us-gaap_LiabilitiesCurrent_c9a5f2b3-de0f-4e88-9331-062265f19afb" xlink:to="loc_us-gaap_OtherLiabilitiesCurrent_6fd74482-c2c8-4078-a97a-e86eca6c8441" xlink:type="arc"/>
    <link:loc xlink:type="locator" xlink:label="loc_us-gaap_ContractWithCustomerLiabilityCurrent_13a42c66-a98b-49e8-8c4f-d70bfa0a8f0a" xlink:href="https://xbrl.fasb.org/us-gaap/2023/elts/us-gaap-2023.xsd#us-gaap_ContractWithCustomerLiabilityCurrent"/>
    <link:calculationArc order="3" weight="1.0" xlink:arcrole="http://www.xbrl.org/2003/arcrole/summation-item" xlink:from="loc_us-gaap_LiabilitiesCurrent_c9a5f2b3-de0f-4e88-9331-062265f19afb" xlink:to="loc_us-gaap_ContractWithCustomerLiabilityCurrent_13a42c66-a98b-49e8-8c4f-d70bfa0a8f0a" xlink:type="arc"/>
    <link:loc xlink:type="locator" xlink:label="loc_us-gaap_CommercialPaper_11d33f2a-420c-4c7d-b2e4-fd7336f1a361" xlink:href="https://xbrl.fasb.org/us-gaap/2023/elts/us-gaap-2023.xsd#us-gaap_CommercialPaper"/>
    <link:calculationArc order="4" weight="1.0" xlink:arcrole="http://www.xbrl.org/2003/arcrole/summation-item" xlink:from="loc_us-gaap_LiabilitiesCurrent_c9a5f2b3-de0f-4e88-9331-062265f19afb" xlink:to="loc_us-gaap_CommercialPaper_11d33f2a-420c-4c7d-b2e4-fd7336f1a361" xlink:type="arc"/>
    <link:loc xlink:type="locator" xlink:label="loc_us-gaap_LongTermDebtCurrent_ed4d12a3-ac6a-42b8-a12d-fce0153c5ebc" xlink:href="https://xbrl.fasb.org/us-gaap/2023/elts/us-gaap-2023.xsd#us-gaap_LongTermDebtCurrent"/>
    <link:calculationArc order="5" weight="1.0" xlink:arcrole="http://www.xbrl.org/2003/arcrole/summation-item" xlink:from="loc_us-gaap_LiabilitiesCurrent_c9a5f2b3-de0f-4e88-9331-062265f19afb" xlink:to="loc_us-gaap_LongTermDebtCurrent_ed4d12a3-ac6a-42b8-a12d-fce0153c5ebc" xlink:type="arc"/>
    <link:loc xlink:type="locator" xlink:label="loc_us-gaap_AssetsNoncurrent_dd0f25a8-8861-421f-987a-9b82b1d3a2e0" xlink:href="https://xbrl.fasb.org/us-gaap/2023/elts/us-gaap-2023.xsd#us-gaap_AssetsNoncurrent"/>
    <link:loc xlink:type="locator" xlink:label="loc_us-gaap_MarketableSecuritiesNoncurrent_df76005e-157c-4734-a7bb-940d3f22188e" xlink:href="https://xbrl.fasb.org/us-gaap/2023/elts/us-gaap-2023.xsd#us-gaap_MarketableSecuritiesNoncurrent"/>
    <link:calculationArc order="1" weight="1.0" xlink:arcrole="http://www.xbrl.org/2003/arcrole/summation-item" xlink:from="loc_us-gaap_AssetsNoncurrent_dd0f25a8-8861-421f-987a-9b82b1d3a2e0" xlink:to="loc_us-gaap_MarketableSecuritiesNoncurrent_df76005e-157c-4734-a7bb-940d3f22188e" xlink:type="arc"/>
    <link:loc xlink:type="locator" xlink:label="loc_us-gaap_PropertyPlantAndEquipmentNet_95a65036-bf6c-4bcd-b79d-40836df097e2" xlink:href="https://xbrl.fasb.org/us-gaap/2023/elts/us-gaap-2023.xsd#us-gaap_PropertyPlantAndEquipmentNet"/>
    <link:calculationArc order="2" weight="1.0" xlink:arcrole="http://www.xbrl.org/2003/arcrole/summation-item" xlink:from="loc_us-gaap_AssetsNoncurrent_dd0f25a8-8861-421f-987a-9b82b1d3a2e0" xlink:to="loc_us-gaap_PropertyPlantAndEquipmentNet_95a65036-bf6c-4bcd-b79d-40836df097e2" xlink:type="arc"/>
    <link:loc xlink:type="locator" xlink:label="loc_us-gaap_OtherAssetsNoncurrent_733c50dc-dd54-44cd-8b91-ad7eba2fc259" xlink:href="https://xbrl.fasb.org/us-gaap/2023/elts/us-gaap-2023.xsd#us-gaap_OtherAssetsNoncurrent"/>
    <link:calculationArc order="3" weight="1.0" xlink:arcrole="http://www.xbrl.org/2003/arcrole/summation-item" xlink:from="loc_us-gaap_AssetsNoncurrent_dd0f25a8-8861-421f-987a-9b82b1d3a2e0" xlink:to="loc_us-gaap_OtherAssetsNoncurrent_733c50dc-dd54-44cd-8b91-ad7eba2fc259" xlink:type="arc"/>
    <link:loc xlink:type="locator" xlink:label="loc_us-gaap_Liabilities_ace8395d-daba-4f32-8344-ac260c63fb87" xlink:href="https://xbrl.fasb.org/us-gaap/2023/elts/us-gaap-2023.xsd#us-gaap_Liabilities"/>
    <link:loc xlink:type="locator" xlink:label="loc_us-gaap_LiabilitiesCurrent_8d444ffc-c753-43da-a8e6-06cc7e5294ff" xlink:href="https://xbrl.fasb.org/us-gaap/2023/elts/us-gaap-2023.xsd#us-gaap_LiabilitiesCurrent"/>
    <link:calculationArc order="1" weight="1.0" xlink:arcrole="http://www.xbrl.org/2003/arcrole/summation-item" xlink:from="loc_us-gaap_Liabilities_ace8395d-daba-4f32-8344-ac260c63fb87" xlink:to="loc_us-gaap_LiabilitiesCurrent_8d444ffc-c753-43da-a8e6-06cc7e5294ff" xlink:type="arc"/>
    <link:loc xlink:type="locator" xlink:label="loc_us-gaap_LiabilitiesNoncurrent_067848e8-c27b-42e6-be84-baede9bb39f5" xlink:href="https://xbrl.fasb.org/us-gaap/2023/elts/us-gaap-2023.xsd#us-gaap_LiabilitiesNoncurrent"/>
    <link:calculationArc order="2" weight="1.0" xlink:arcrole="http://www.xbrl.org/2003/arcrole/summation-item" xlink:from="loc_us-gaap_Liabilities_ace8395d-daba-4f32-8344-ac260c63fb87" xlink:to="loc_us-gaap_LiabilitiesNoncurrent_067848e8-c27b-42e6-be84-baede9bb39f5" xlink:type="arc"/>
    <link:loc xlink:type="locator" xlink:label="loc_us-gaap_StockholdersEquity_19a058a0-4aad-4ad7-aa39-87ee3a9ac71f" xlink:href="https://xbrl.fasb.org/us-gaap/2023/elts/us-gaap-2023.xsd#us-gaap_StockholdersEquity"/>
    <link:loc xlink:type="locator" xlink:label="loc_us-gaap_CommonStocksIncludingAdditionalPaidInCapital_e43fd690-a0e1-4ccb-be4e-00477c6f50cf" xlink:href="https://xbrl.fasb.org/us-gaap/2023/elts/us-gaap-2023.xsd#us-gaap_CommonStocksIncludingAdditionalPaidInCapital"/>
    <link:calculationArc order="1" weight="1.0" xlink:arcrole="http://www.xbrl.org/2003/arcrole/summation-item" xlink:from="loc_us-gaap_StockholdersEquity_19a058a0-4aad-4ad7-aa39-87ee3a9ac71f" xlink:to="loc_us-gaap_CommonStocksIncludingAdditionalPaidInCapital_e43fd690-a0e1-4ccb-be4e-00477c6f50cf" xlink:type="arc"/>
    <link:loc xlink:type="locator" xlink:label="loc_us-gaap_RetainedEarningsAccumulatedDeficit_f961dcdc-ba1c-4772-ac7b-e793415874ee" xlink:href="https://xbrl.fasb.org/us-gaap/2023/elts/us-gaap-2023.xsd#us-gaap_RetainedEarningsAccumulatedDeficit"/>
    <link:calculationArc order="2" weight="1.0" xlink:arcrole="http://www.xbrl.org/2003/arcrole/summation-item" xlink:from="loc_us-gaap_StockholdersEquity_19a058a0-4aad-4ad7-aa39-87ee3a9ac71f" xlink:to="loc_us-gaap_RetainedEarningsAccumulatedDeficit_f961dcdc-ba1c-4772-ac7b-e793415874ee" xlink:type="arc"/>
    <link:loc xlink:type="locator" xlink:label="loc_us-gaap_AccumulatedOtherComprehensiveIncomeLossNetOfTax_70c55f8e-71bf-476d-a86a-ec998af5075b" xlink:href="https://xbrl.fasb.org/us-gaap/2023/elts/us-gaap-2023.xsd#us-gaap_AccumulatedOtherComprehensiveIncomeLossNetOfTax"/>
    <link:calculationArc order="3" weight="1.0" xlink:arcrole="http://www.xbrl.org/2003/arcrole/summation-item" xlink:from="loc_us-gaap_StockholdersEquity_19a058a0-4aad-4ad7-aa39-87ee3a9ac71f" xlink:to="loc_us-gaap_AccumulatedOtherComprehensiveIncomeLossNetOfTax_70c55f8e-71bf-476d-a86a-ec998af5075b" xlink:type="arc"/>
    <link:loc xlink:type="locator" xlink:label="loc_us-gaap_Assets_a9ff7a9e-9ad1-4ee5-94fa-b863b63823c1" xlink:href="https://xbrl.fasb.org/us-gaap/2023/elts/us-gaap-2023.xsd#us-gaap_Assets"/>
    <link:loc xlink:type="locator" xlink:label="loc_us-gaap_AssetsCurrent_b1dc0485-dafd-4002-a9ee-ae303de7234c" xlink:href="https://xbrl.fasb.org/us-gaap/2023/elts/us-gaap-2023.xsd#us-gaap_AssetsCurrent"/>
    <link:calculationArc order="1" weight="1.0" xlink:arcrole="http://www.xbrl.org/2003/arcrole/summation-item" xlink:from="loc_us-gaap_Assets_a9ff7a9e-9ad1-4ee5-94fa-b863b63823c1" xlink:to="loc_us-gaap_AssetsCurrent_b1dc0485-dafd-4002-a9ee-ae303de7234c" xlink:type="arc"/>
    <link:loc xlink:type="locator" xlink:label="loc_us-gaap_AssetsNoncurrent_5821d6fa-52e3-4286-902a-8b865af242cd" xlink:href="https://xbrl.fasb.org/us-gaap/2023/elts/us-gaap-2023.xsd#us-gaap_AssetsNoncurrent"/>
    <link:calculationArc order="2" weight="1.0" xlink:arcrole="http://www.xbrl.org/2003/arcrole/summation-item" xlink:from="loc_us-gaap_Assets_a9ff7a9e-9ad1-4ee5-94fa-b863b63823c1" xlink:to="loc_us-gaap_AssetsNoncurrent_5821d6fa-52e3-4286-902a-8b865af242cd" xlink:type="arc"/>
    <link:loc xlink:type="locator" xlink:label="loc_us-gaap_LiabilitiesAndStockholdersEquity_0d83344a-a9f9-41e5-840e-2b2c9ecabec4" xlink:href="https://xbrl.fasb.org/us-gaap/2023/elts/us-gaap-2023.xsd#us-gaap_LiabilitiesAndStockholdersEquity"/>
    <link:loc xlink:type="locator" xlink:label="loc_us-gaap_Liabilities_2ceb2d0a-5ed5-4bac-98d6-d42656d5a32d" xlink:href="https://xbrl.fasb.org/us-gaap/2023/elts/us-gaap-2023.xsd#us-gaap_Liabilities"/>
    <link:calculationArc order="1" weight="1.0" xlink:arcrole="http://www.xbrl.org/2003/arcrole/summation-item" xlink:from="loc_us-gaap_LiabilitiesAndStockholdersEquity_0d83344a-a9f9-41e5-840e-2b2c9ecabec4" xlink:to="loc_us-gaap_Liabilities_2ceb2d0a-5ed5-4bac-98d6-d42656d5a32d" xlink:type="arc"/>
    <link:loc xlink:type="locator" xlink:label="loc_us-gaap_CommitmentsAndContingencies_9def61e7-267d-40b0-9778-b36e69f5682f" xlink:href="https://xbrl.fasb.org/us-gaap/2023/elts/us-gaap-2023.xsd#us-gaap_CommitmentsAndContingencies"/>
    <link:calculationArc order="2" weight="1.0" xlink:arcrole="http://www.xbrl.org/2003/arcrole/summation-item" xlink:from="loc_us-gaap_LiabilitiesAndStockholdersEquity_0d83344a-a9f9-41e5-840e-2b2c9ecabec4" xlink:to="loc_us-gaap_CommitmentsAndContingencies_9def61e7-267d-40b0-9778-b36e69f5682f" xlink:type="arc"/>
    <link:loc xlink:type="locator" xlink:label="loc_us-gaap_StockholdersEquity_1f9d0838-5d95-4801-bad2-0a6391f49e6e" xlink:href="https://xbrl.fasb.org/us-gaap/2023/elts/us-gaap-2023.xsd#us-gaap_StockholdersEquity"/>
    <link:calculationArc order="3" weight="1.0" xlink:arcrole="http://www.xbrl.org/2003/arcrole/summation-item" xlink:from="loc_us-gaap_LiabilitiesAndStockholdersEquity_0d83344a-a9f9-41e5-840e-2b2c9ecabec4" xlink:to="loc_us-gaap_StockholdersEquity_1f9d0838-5d95-4801-bad2-0a6391f49e6e" xlink:type="arc"/>
  </link:calculationLink>
  <link:roleRef roleURI="http://www.apple.com/role/CONDENSEDCONSOLIDATEDSTATEMENTSOFCASHFLOWSUnaudited" xlink:type="simple" xlink:href="aapl-20230701.xsd#CONDENSEDCONSOLIDATEDSTATEMENTSOFCASHFLOWSUnaudited"/>
  <link:calculationLink xlink:role="http://www.apple.com/role/CONDENSEDCONSOLIDATEDSTATEMENTSOFCASHFLOWSUnaudited" xlink:type="extended">
    <link:loc xlink:type="locator" xlink:label="loc_us-gaap_NetCashProvidedByUsedInFinancingActivities_c0a55b3a-a465-4dbb-8932-fab48696f83c" xlink:href="https://xbrl.fasb.org/us-gaap/2023/elts/us-gaap-2023.xsd#us-gaap_NetCashProvidedByUsedInFinancingActivities"/>
    <link:loc xlink:type="locator" xlink:label="loc_us-gaap_PaymentsRelatedToTaxWithholdingForShareBasedCompensation_003fcf14-7f60-4255-9054-e901c570d80d" xlink:href="https://xbrl.fasb.org/us-gaap/2023/elts/us-gaap-2023.xsd#us-gaap_PaymentsRelatedToTaxWithholdingForShareBasedCompensation"/>
    <link:calculationArc order="1" weight="-1.0" xlink:arcrole="http://www.xbrl.org/2003/arcrole/summation-item" xlink:from="loc_us-gaap_NetCashProvidedByUsedInFinancingActivities_c0a55b3a-a465-4dbb-8932-fab48696f83c" xlink:to="loc_us-gaap_PaymentsRelatedToTaxWithholdingForShareBasedCompensation_003fcf14-7f60-4255-9054-e901c570d80d" xlink:type="arc"/>
    <link:loc xlink:type="locator" xlink:label="loc_us-gaap_PaymentsOfDividends_b187239a-4db0-4b35-9661-19676802961e" xlink:href="https://xbrl.fasb.org/us-gaap/2023/elts/us-gaap-2023.xsd#us-gaap_PaymentsOfDividends"/>
    <link:calculationArc order="2" weight="-1.0" xlink:arcrole="http://www.xbrl.org/2003/arcrole/summation-item" xlink:from="loc_us-gaap_NetCashProvidedByUsedInFinancingActivities_c0a55b3a-a465-4dbb-8932-fab48696f83c" xlink:to="loc_us-gaap_PaymentsOfDividends_b187239a-4db0-4b35-9661-19676802961e" xlink:type="arc"/>
    <link:loc xlink:type="locator" xlink:label="loc_us-gaap_PaymentsForRepurchaseOfCommonStock_bf269c55-f029-4b56-b08f-b09aae4c22af" xlink:href="https://xbrl.fasb.org/us-gaap/2023/elts/us-gaap-2023.xsd#us-gaap_PaymentsForRepurchaseOfCommonStock"/>
    <link:calculationArc order="3" weight="-1.0" xlink:arcrole="http://www.xbrl.org/2003/arcrole/summation-item" xlink:from="loc_us-gaap_NetCashProvidedByUsedInFinancingActivities_c0a55b3a-a465-4dbb-8932-fab48696f83c" xlink:to="loc_us-gaap_PaymentsForRepurchaseOfCommonStock_bf269c55-f029-4b56-b08f-b09aae4c22af" xlink:type="arc"/>
    <link:loc xlink:type="locator" xlink:label="loc_us-gaap_ProceedsFromIssuanceOfLongTermDebt_a0809059-39fb-409f-a359-34771917ccfa" xlink:href="https://xbrl.fasb.org/us-gaap/2023/elts/us-gaap-2023.xsd#us-gaap_ProceedsFromIssuanceOfLongTermDebt"/>
    <link:calculationArc order="4" weight="1.0" xlink:arcrole="http://www.xbrl.org/2003/arcrole/summation-item" xlink:from="loc_us-gaap_NetCashProvidedByUsedInFinancingActivities_c0a55b3a-a465-4dbb-8932-fab48696f83c" xlink:to="loc_us-gaap_ProceedsFromIssuanceOfLongTermDebt_a0809059-39fb-409f-a359-34771917ccfa" xlink:type="arc"/>
    <link:loc xlink:type="locator" xlink:label="loc_us-gaap_RepaymentsOfLongTermDebt_6a91c6c0-3907-40a4-ba30-d6547e54c2c2" xlink:href="https://xbrl.fasb.org/us-gaap/2023/elts/us-gaap-2023.xsd#us-gaap_RepaymentsOfLongTermDebt"/>
    <link:calculationArc order="5" weight="-1.0" xlink:arcrole="http://www.xbrl.org/2003/arcrole/summation-item" xlink:from="loc_us-gaap_NetCashProvidedByUsedInFinancingActivities_c0a55b3a-a465-4dbb-8932-fab48696f83c" xlink:to="loc_us-gaap_RepaymentsOfLongTermDebt_6a91c6c0-3907-40a4-ba30-d6547e54c2c2" xlink:type="arc"/>
    <link:loc xlink:type="locator" xlink:label="loc_us-gaap_ProceedsFromRepaymentsOfCommercialPaper_8b26cc40-4e66-4230-ac5f-27378f3b2aac" xlink:href="https://xbrl.fasb.org/us-gaap/2023/elts/us-gaap-2023.xsd#us-gaap_ProceedsFromRepaymentsOfCommercialPaper"/>
    <link:calculationArc order="6" weight="1.0" xlink:arcrole="http://www.xbrl.org/2003/arcrole/summation-item" xlink:from="loc_us-gaap_NetCashProvidedByUsedInFinancingActivities_c0a55b3a-a465-4dbb-8932-fab48696f83c" xlink:to="loc_us-gaap_ProceedsFromRepaymentsOfCommercialPaper_8b26cc40-4e66-4230-ac5f-27378f3b2aac" xlink:type="arc"/>
    <link:loc xlink:type="locator" xlink:label="loc_us-gaap_ProceedsFromPaymentsForOtherFinancingActivities_811b4da0-b616-4f79-893d-3a2dc5d0dd09" xlink:href="https://xbrl.fasb.org/us-gaap/2023/elts/us-gaap-2023.xsd#us-gaap_ProceedsFromPaymentsForOtherFinancingActivities"/>
    <link:calculationArc order="7" weight="1.0" xlink:arcrole="http://www.xbrl.org/2003/arcrole/summation-item" xlink:from="loc_us-gaap_NetCashProvidedByUsedInFinancingActivities_c0a55b3a-a465-4dbb-8932-fab48696f83c" xlink:to="loc_us-gaap_ProceedsFromPaymentsForOtherFinancingActivities_811b4da0-b616-4f79-893d-3a2dc5d0dd09" xlink:type="arc"/>
    <link:loc xlink:type="locator" xlink:label="loc_us-gaap_CashCashEquivalentsRestrictedCashAndRestrictedCashEquivalentsPeriodIncreaseDecreaseIncludingExchangeRateEffect_733d75b0-0122-4aa6-bcec-d4c97487cd07" xlink:href="https://xbrl.fasb.org/us-gaap/2023/elts/us-gaap-2023.xsd#us-gaap_CashCashEquivalentsRestrictedCashAndRestrictedCashEquivalentsPeriodIncreaseDecreaseIncludingExchangeRateEffect"/>
    <link:loc xlink:type="locator" xlink:label="loc_us-gaap_NetCashProvidedByUsedInOperatingActivities_626b3f22-8840-4126-b4fa-92073aadf1f2" xlink:href="https://xbrl.fasb.org/us-gaap/2023/elts/us-gaap-2023.xsd#us-gaap_NetCashProvidedByUsedInOperatingActivities"/>
    <link:calculationArc order="1" weight="1.0" xlink:arcrole="http://www.xbrl.org/2003/arcrole/summation-item" xlink:from="loc_us-gaap_CashCashEquivalentsRestrictedCashAndRestrictedCashEquivalentsPeriodIncreaseDecreaseIncludingExchangeRateEffect_733d75b0-0122-4aa6-bcec-d4c97487cd07" xlink:to="loc_us-gaap_NetCashProvidedByUsedInOperatingActivities_626b3f22-8840-4126-b4fa-92073aadf1f2" xlink:type="arc"/>
    <link:loc xlink:type="locator" xlink:label="loc_us-gaap_NetCashProvidedByUsedInInvestingActivities_366df6a0-3542-46e1-bf4a-8856682e5966" xlink:href="https://xbrl.fasb.org/us-gaap/2023/elts/us-gaap-2023.xsd#us-gaap_NetCashProvidedByUsedInInvestingActivities"/>
    <link:calculationArc order="2" weight="1.0" xlink:arcrole="http://www.xbrl.org/2003/arcrole/summation-item" xlink:from="loc_us-gaap_CashCashEquivalentsRestrictedCashAndRestrictedCashEquivalentsPeriodIncreaseDecreaseIncludingExchangeRateEffect_733d75b0-0122-4aa6-bcec-d4c97487cd07" xlink:to="loc_us-gaap_NetCashProvidedByUsedInInvestingActivities_366df6a0-3542-46e1-bf4a-8856682e5966" xlink:type="arc"/>
    <link:loc xlink:type="locator" xlink:label="loc_us-gaap_NetCashProvidedByUsedInFinancingActivities_d43eb8b0-952b-4567-9200-2499a9d5bfdf" xlink:href="https://xbrl.fasb.org/us-gaap/2023/elts/us-gaap-2023.xsd#us-gaap_NetCashProvidedByUsedInFinancingActivities"/>
    <link:calculationArc order="3" weight="1.0" xlink:arcrole="http://www.xbrl.org/2003/arcrole/summation-item" xlink:from="loc_us-gaap_CashCashEquivalentsRestrictedCashAndRestrictedCashEquivalentsPeriodIncreaseDecreaseIncludingExchangeRateEffect_733d75b0-0122-4aa6-bcec-d4c97487cd07" xlink:to="loc_us-gaap_NetCashProvidedByUsedInFinancingActivities_d43eb8b0-952b-4567-9200-2499a9d5bfdf" xlink:type="arc"/>
    <link:loc xlink:type="locator" xlink:label="loc_us-gaap_NetCashProvidedByUsedInOperatingActivities_d8bae3b8-26ac-4006-be66-6e11265d5b14" xlink:href="https://xbrl.fasb.org/us-gaap/2023/elts/us-gaap-2023.xsd#us-gaap_NetCashProvidedByUsedInOperatingActivities"/>
    <link:loc xlink:type="locator" xlink:label="loc_us-gaap_NetIncomeLoss_233a0e38-a83d-41b2-a483-d8d1e7e393d0" xlink:href="https://xbrl.fasb.org/us-gaap/2023/elts/us-gaap-2023.xsd#us-gaap_NetIncomeLoss"/>
    <link:calculationArc order="1" weight="1.0" xlink:arcrole="http://www.xbrl.org/2003/arcrole/summation-item" xlink:from="loc_us-gaap_NetCashProvidedByUsedInOperatingActivities_d8bae3b8-26ac-4006-be66-6e11265d5b14" xlink:to="loc_us-gaap_NetIncomeLoss_233a0e38-a83d-41b2-a483-d8d1e7e393d0" xlink:type="arc"/>
    <link:loc xlink:type="locator" xlink:label="loc_us-gaap_DepreciationDepletionAndAmortization_4ef5d0f7-625f-4ba8-bd47-1fe5ce28921f" xlink:href="https://xbrl.fasb.org/us-gaap/2023/elts/us-gaap-2023.xsd#us-gaap_DepreciationDepletionAndAmortization"/>
    <link:calculationArc order="2" weight="1.0" xlink:arcrole="http://www.xbrl.org/2003/arcrole/summation-item" xlink:from="loc_us-gaap_NetCashProvidedByUsedInOperatingActivities_d8bae3b8-26ac-4006-be66-6e11265d5b14" xlink:to="loc_us-gaap_DepreciationDepletionAndAmortization_4ef5d0f7-625f-4ba8-bd47-1fe5ce28921f" xlink:type="arc"/>
    <link:loc xlink:type="locator" xlink:label="loc_us-gaap_ShareBasedCompensation_0ad12f2b-af58-4bf6-ad26-fa416e9d4570" xlink:href="https://xbrl.fasb.org/us-gaap/2023/elts/us-gaap-2023.xsd#us-gaap_ShareBasedCompensation"/>
    <link:calculationArc order="3" weight="1.0" xlink:arcrole="http://www.xbrl.org/2003/arcrole/summation-item" xlink:from="loc_us-gaap_NetCashProvidedByUsedInOperatingActivities_d8bae3b8-26ac-4006-be66-6e11265d5b14" xlink:to="loc_us-gaap_ShareBasedCompensation_0ad12f2b-af58-4bf6-ad26-fa416e9d4570" xlink:type="arc"/>
    <link:loc xlink:type="locator" xlink:label="loc_us-gaap_OtherNoncashIncomeExpense_f2d0ca7d-3361-49f1-b953-bfbdea7d2232" xlink:href="https://xbrl.fasb.org/us-gaap/2023/elts/us-gaap-2023.xsd#us-gaap_OtherNoncashIncomeExpense"/>
    <link:calculationArc order="4" weight="-1.0" xlink:arcrole="http://www.xbrl.org/2003/arcrole/summation-item" xlink:from="loc_us-gaap_NetCashProvidedByUsedInOperatingActivities_d8bae3b8-26ac-4006-be66-6e11265d5b14" xlink:to="loc_us-gaap_OtherNoncashIncomeExpense_f2d0ca7d-3361-49f1-b953-bfbdea7d2232" xlink:type="arc"/>
    <link:loc xlink:type="locator" xlink:label="loc_us-gaap_IncreaseDecreaseInAccountsReceivable_752f996c-ba34-467e-9c24-148446211862" xlink:href="https://xbrl.fasb.org/us-gaap/2023/elts/us-gaap-2023.xsd#us-gaap_IncreaseDecreaseInAccountsReceivable"/>
    <link:calculationArc order="5" weight="-1.0" xlink:arcrole="http://www.xbrl.org/2003/arcrole/summation-item" xlink:from="loc_us-gaap_NetCashProvidedByUsedInOperatingActivities_d8bae3b8-26ac-4006-be66-6e11265d5b14" xlink:to="loc_us-gaap_IncreaseDecreaseInAccountsReceivable_752f996c-ba34-467e-9c24-148446211862" xlink:type="arc"/>
    <link:loc xlink:type="locator" xlink:label="loc_us-gaap_IncreaseDecreaseInInventories_b41f4382-6213-463b-80fd-1211e2f010e2" xlink:href="https://xbrl.fasb.org/us-gaap/2023/elts/us-gaap-2023.xsd#us-gaap_IncreaseDecreaseInInventories"/>
    <link:calculationArc order="6" weight="-1.0" xlink:arcrole="http://www.xbrl.org/2003/arcrole/summation-item" xlink:from="loc_us-gaap_NetCashProvidedByUsedInOperatingActivities_d8bae3b8-26ac-4006-be66-6e11265d5b14" xlink:to="loc_us-gaap_IncreaseDecreaseInInventories_b41f4382-6213-463b-80fd-1211e2f010e2" xlink:type="arc"/>
    <link:loc xlink:type="locator" xlink:label="loc_us-gaap_IncreaseDecreaseInOtherReceivables_84034d24-1d08-4d51-b5ce-2c89751cf2f8" xlink:href="https://xbrl.fasb.org/us-gaap/2023/elts/us-gaap-2023.xsd#us-gaap_IncreaseDecreaseInOtherReceivables"/>
    <link:calculationArc order="7" weight="-1.0" xlink:arcrole="http://www.xbrl.org/2003/arcrole/summation-item" xlink:from="loc_us-gaap_NetCashProvidedByUsedInOperatingActivities_d8bae3b8-26ac-4006-be66-6e11265d5b14" xlink:to="loc_us-gaap_IncreaseDecreaseInOtherReceivables_84034d24-1d08-4d51-b5ce-2c89751cf2f8" xlink:type="arc"/>
    <link:loc xlink:type="locator" xlink:label="loc_us-gaap_IncreaseDecreaseInOtherOperatingAssets_2b4d4599-d8d4-42ed-a25d-189f6e0c9e60" xlink:href="https://xbrl.fasb.org/us-gaap/2023/elts/us-gaap-2023.xsd#us-gaap_IncreaseDecreaseInOtherOperatingAssets"/>
    <link:calculationArc order="8" weight="-1.0" xlink:arcrole="http://www.xbrl.org/2003/arcrole/summation-item" xlink:from="loc_us-gaap_NetCashProvidedByUsedInOperatingActivities_d8bae3b8-26ac-4006-be66-6e11265d5b14" xlink:to="loc_us-gaap_IncreaseDecreaseInOtherOperatingAssets_2b4d4599-d8d4-42ed-a25d-189f6e0c9e60" xlink:type="arc"/>
    <link:loc xlink:type="locator" xlink:label="loc_us-gaap_IncreaseDecreaseInAccountsPayable_af3897d9-e511-4a7e-8608-cc8e72d66479" xlink:href="https://xbrl.fasb.org/us-gaap/2023/elts/us-gaap-2023.xsd#us-gaap_IncreaseDecreaseInAccountsPayable"/>
    <link:calculationArc order="9" weight="1.0" xlink:arcrole="http://www.xbrl.org/2003/arcrole/summation-item" xlink:from="loc_us-gaap_NetCashProvidedByUsedInOperatingActivities_d8bae3b8-26ac-4006-be66-6e11265d5b14" xlink:to="loc_us-gaap_IncreaseDecreaseInAccountsPayable_af3897d9-e511-4a7e-8608-cc8e72d66479" xlink:type="arc"/>
    <link:loc xlink:type="locator" xlink:label="loc_us-gaap_IncreaseDecreaseInOtherOperatingLiabilities_105d0033-f8cc-4b94-aa8e-8ff07dbd7475" xlink:href="https://xbrl.fasb.org/us-gaap/2023/elts/us-gaap-2023.xsd#us-gaap_IncreaseDecreaseInOtherOperatingLiabilities"/>
    <link:calculationArc order="10" weight="1.0" xlink:arcrole="http://www.xbrl.org/2003/arcrole/summation-item" xlink:from="loc_us-gaap_NetCashProvidedByUsedInOperatingActivities_d8bae3b8-26ac-4006-be66-6e11265d5b14" xlink:to="loc_us-gaap_IncreaseDecreaseInOtherOperatingLiabilities_105d0033-f8cc-4b94-aa8e-8ff07dbd7475" xlink:type="arc"/>
    <link:loc xlink:type="locator" xlink:label="loc_us-gaap_NetCashProvidedByUsedInInvestingActivities_5c427f4d-414d-411d-ba8c-de6236de64a0" xlink:href="https://xbrl.fasb.org/us-gaap/2023/elts/us-gaap-2023.xsd#us-gaap_NetCashProvidedByUsedInInvestingActivities"/>
    <link:loc xlink:type="locator" xlink:label="loc_us-gaap_PaymentsToAcquireAvailableForSaleSecuritiesDebt_fe0dba54-3016-4564-bb0c-ac528281179a" xlink:href="https://xbrl.fasb.org/us-gaap/2023/elts/us-gaap-2023.xsd#us-gaap_PaymentsToAcquireAvailableForSaleSecuritiesDebt"/>
    <link:calculationArc order="1" weight="-1.0" xlink:arcrole="http://www.xbrl.org/2003/arcrole/summation-item" xlink:from="loc_us-gaap_NetCashProvidedByUsedInInvestingActivities_5c427f4d-414d-411d-ba8c-de6236de64a0" xlink:to="loc_us-gaap_PaymentsToAcquireAvailableForSaleSecuritiesDebt_fe0dba54-3016-4564-bb0c-ac528281179a" xlink:type="arc"/>
    <link:loc xlink:type="locator" xlink:label="loc_us-gaap_ProceedsFromMaturitiesPrepaymentsAndCallsOfAvailableForSaleSecurities_9f639633-f77d-43d2-8add-7315ba662ce9" xlink:href="https://xbrl.fasb.org/us-gaap/2023/elts/us-gaap-2023.xsd#us-gaap_ProceedsFromMaturitiesPrepaymentsAndCallsOfAvailableForSaleSecurities"/>
    <link:calculationArc order="2" weight="1.0" xlink:arcrole="http://www.xbrl.org/2003/arcrole/summation-item" xlink:from="loc_us-gaap_NetCashProvidedByUsedInInvestingActivities_5c427f4d-414d-411d-ba8c-de6236de64a0" xlink:to="loc_us-gaap_ProceedsFromMaturitiesPrepaymentsAndCallsOfAvailableForSaleSecurities_9f639633-f77d-43d2-8add-7315ba662ce9" xlink:type="arc"/>
    <link:loc xlink:type="locator" xlink:label="loc_us-gaap_ProceedsFromSaleOfAvailableForSaleSecuritiesDebt_f4aadd22-6fd4-4e42-8074-fd46114bfb17" xlink:href="https://xbrl.fasb.org/us-gaap/2023/elts/us-gaap-2023.xsd#us-gaap_ProceedsFromSaleOfAvailableForSaleSecuritiesDebt"/>
    <link:calculationArc order="3" weight="1.0" xlink:arcrole="http://www.xbrl.org/2003/arcrole/summation-item" xlink:from="loc_us-gaap_NetCashProvidedByUsedInInvestingActivities_5c427f4d-414d-411d-ba8c-de6236de64a0" xlink:to="loc_us-gaap_ProceedsFromSaleOfAvailableForSaleSecuritiesDebt_f4aadd22-6fd4-4e42-8074-fd46114bfb17" xlink:type="arc"/>
    <link:loc xlink:type="locator" xlink:label="loc_us-gaap_PaymentsToAcquirePropertyPlantAndEquipment_7c19a94d-3b95-4ee5-a3db-7f0e220a4001" xlink:href="https://xbrl.fasb.org/us-gaap/2023/elts/us-gaap-2023.xsd#us-gaap_PaymentsToAcquirePropertyPlantAndEquipment"/>
    <link:calculationArc order="4" weight="-1.0" xlink:arcrole="http://www.xbrl.org/2003/arcrole/summation-item" xlink:from="loc_us-gaap_NetCashProvidedByUsedInInvestingActivities_5c427f4d-414d-411d-ba8c-de6236de64a0" xlink:to="loc_us-gaap_PaymentsToAcquirePropertyPlantAndEquipment_7c19a94d-3b95-4ee5-a3db-7f0e220a4001" xlink:type="arc"/>
    <link:loc xlink:type="locator" xlink:label="loc_us-gaap_PaymentsForProceedsFromOtherInvestingActivities_7d00391c-7ea0-4c9b-a144-edd9d76c9592" xlink:href="https://xbrl.fasb.org/us-gaap/2023/elts/us-gaap-2023.xsd#us-gaap_PaymentsForProceedsFromOtherInvestingActivities"/>
    <link:calculationArc order="5" weight="-1.0" xlink:arcrole="http://www.xbrl.org/2003/arcrole/summation-item" xlink:from="loc_us-gaap_NetCashProvidedByUsedInInvestingActivities_5c427f4d-414d-411d-ba8c-de6236de64a0" xlink:to="loc_us-gaap_PaymentsForProceedsFromOtherInvestingActivities_7d00391c-7ea0-4c9b-a144-edd9d76c9592" xlink:type="arc"/>
  </link:calculationLink>
  <link:roleRef roleURI="http://www.apple.com/role/SummaryofSignificantAccountingPoliciesComputationofBasicandDilutedEarningsPerShareDetails" xlink:type="simple" xlink:href="aapl-20230701.xsd#SummaryofSignificantAccountingPoliciesComputationofBasicandDilutedEarningsPerShareDetails"/>
  <link:calculationLink xlink:role="http://www.apple.com/role/SummaryofSignificantAccountingPoliciesComputationofBasicandDilutedEarningsPerShareDetails" xlink:type="extended">
    <link:loc xlink:type="locator" xlink:label="loc_us-gaap_WeightedAverageNumberOfDilutedSharesOutstanding_48ef81eb-cb08-46d2-b68c-a67f1f4804eb" xlink:href="https://xbrl.fasb.org/us-gaap/2023/elts/us-gaap-2023.xsd#us-gaap_WeightedAverageNumberOfDilutedSharesOutstanding"/>
    <link:loc xlink:type="locator" xlink:label="loc_us-gaap_WeightedAverageNumberOfSharesOutstandingBasic_64d3cfa9-b3f0-4d5d-b408-d30dc0dbef7e" xlink:href="https://xbrl.fasb.org/us-gaap/2023/elts/us-gaap-2023.xsd#us-gaap_WeightedAverageNumberOfSharesOutstandingBasic"/>
    <link:calculationArc order="1" weight="1.0" xlink:arcrole="http://www.xbrl.org/2003/arcrole/summation-item" xlink:from="loc_us-gaap_WeightedAverageNumberOfDilutedSharesOutstanding_48ef81eb-cb08-46d2-b68c-a67f1f4804eb" xlink:to="loc_us-gaap_WeightedAverageNumberOfSharesOutstandingBasic_64d3cfa9-b3f0-4d5d-b408-d30dc0dbef7e" xlink:type="arc"/>
    <link:loc xlink:type="locator" xlink:label="loc_us-gaap_WeightedAverageNumberDilutedSharesOutstandingAdjustment_d68357d4-d0e8-4d26-98f3-85e0707382c8" xlink:href="https://xbrl.fasb.org/us-gaap/2023/elts/us-gaap-2023.xsd#us-gaap_WeightedAverageNumberDilutedSharesOutstandingAdjustment"/>
    <link:calculationArc order="2" weight="1.0" xlink:arcrole="http://www.xbrl.org/2003/arcrole/summation-item" xlink:from="loc_us-gaap_WeightedAverageNumberOfDilutedSharesOutstanding_48ef81eb-cb08-46d2-b68c-a67f1f4804eb" xlink:to="loc_us-gaap_WeightedAverageNumberDilutedSharesOutstandingAdjustment_d68357d4-d0e8-4d26-98f3-85e0707382c8" xlink:type="arc"/>
  </link:calculationLink>
  <link:roleRef roleURI="http://www.apple.com/role/FinancialInstrumentsCashCashEquivalentsandMarketableSecuritiesDetails" xlink:type="simple" xlink:href="aapl-20230701.xsd#FinancialInstrumentsCashCashEquivalentsandMarketableSecuritiesDetails"/>
  <link:calculationLink xlink:role="http://www.apple.com/role/FinancialInstrumentsCashCashEquivalentsandMarketableSecuritiesDetails" xlink:type="extended">
    <link:loc xlink:type="locator" xlink:label="loc_us-gaap_EquitySecuritiesFvNiCurrentAndNoncurrent_4c10956c-b7f7-450d-a551-19e8268c3495" xlink:href="https://xbrl.fasb.org/us-gaap/2023/elts/us-gaap-2023.xsd#us-gaap_EquitySecuritiesFvNiCurrentAndNoncurrent"/>
    <link:loc xlink:type="locator" xlink:label="loc_us-gaap_CashAndCashEquivalentsAtCarryingValue_d3739496-19a7-4075-a2ff-3b7e7f8e2764" xlink:href="https://xbrl.fasb.org/us-gaap/2023/elts/us-gaap-2023.xsd#us-gaap_CashAndCashEquivalentsAtCarryingValue"/>
    <link:calculationArc order="1" weight="1.0" xlink:arcrole="http://www.xbrl.org/2003/arcrole/summation-item" xlink:from="loc_us-gaap_EquitySecuritiesFvNiCurrentAndNoncurrent_4c10956c-b7f7-450d-a551-19e8268c3495" xlink:to="loc_us-gaap_CashAndCashEquivalentsAtCarryingValue_d3739496-19a7-4075-a2ff-3b7e7f8e2764" xlink:type="arc"/>
    <link:loc xlink:type="locator" xlink:label="loc_us-gaap_MarketableSecuritiesCurrent_a44c41d6-b186-45cb-b75b-d51e445397d1" xlink:href="https://xbrl.fasb.org/us-gaap/2023/elts/us-gaap-2023.xsd#us-gaap_MarketableSecuritiesCurrent"/>
    <link:calculationArc order="2" weight="1.0" xlink:arcrole="http://www.xbrl.org/2003/arcrole/summation-item" xlink:from="loc_us-gaap_EquitySecuritiesFvNiCurrentAndNoncurrent_4c10956c-b7f7-450d-a551-19e8268c3495" xlink:to="loc_us-gaap_MarketableSecuritiesCurrent_a44c41d6-b186-45cb-b75b-d51e445397d1" xlink:type="arc"/>
    <link:loc xlink:type="locator" xlink:label="loc_us-gaap_MarketableSecuritiesNoncurrent_8a1aaa78-ec84-4fa4-b094-4bae18e295e0" xlink:href="https://xbrl.fasb.org/us-gaap/2023/elts/us-gaap-2023.xsd#us-gaap_MarketableSecuritiesNoncurrent"/>
    <link:calculationArc order="3" weight="1.0" xlink:arcrole="http://www.xbrl.org/2003/arcrole/summation-item" xlink:from="loc_us-gaap_EquitySecuritiesFvNiCurrentAndNoncurrent_4c10956c-b7f7-450d-a551-19e8268c3495" xlink:to="loc_us-gaap_MarketableSecuritiesNoncurrent_8a1aaa78-ec84-4fa4-b094-4bae18e295e0" xlink:type="arc"/>
    <link:loc xlink:type="locator" xlink:label="loc_aapl_CashCashEquivalentsAndMarketableSecurities_b23fe660-1c1b-4d88-8e4f-938e3727b9e8" xlink:href="aapl-20230701.xsd#aapl_CashCashEquivalentsAndMarketableSecurities"/>
    <link:loc xlink:type="locator" xlink:label="loc_us-gaap_Cash_2f8810c3-31f4-404c-8a3f-bee880f853db" xlink:href="https://xbrl.fasb.org/us-gaap/2023/elts/us-gaap-2023.xsd#us-gaap_Cash"/>
    <link:calculationArc order="1" weight="1.0" xlink:arcrole="http://www.xbrl.org/2003/arcrole/summation-item" xlink:from="loc_aapl_CashCashEquivalentsAndMarketableSecurities_b23fe660-1c1b-4d88-8e4f-938e3727b9e8" xlink:to="loc_us-gaap_Cash_2f8810c3-31f4-404c-8a3f-bee880f853db" xlink:type="arc"/>
    <link:loc xlink:type="locator" xlink:label="loc_us-gaap_EquitySecuritiesFvNiCurrentAndNoncurrent_cf9d30e4-6742-4038-8f8a-fbcfb13dda98" xlink:href="https://xbrl.fasb.org/us-gaap/2023/elts/us-gaap-2023.xsd#us-gaap_EquitySecuritiesFvNiCurrentAndNoncurrent"/>
    <link:calculationArc order="2" weight="1.0" xlink:arcrole="http://www.xbrl.org/2003/arcrole/summation-item" xlink:from="loc_aapl_CashCashEquivalentsAndMarketableSecurities_b23fe660-1c1b-4d88-8e4f-938e3727b9e8" xlink:to="loc_us-gaap_EquitySecuritiesFvNiCurrentAndNoncurrent_cf9d30e4-6742-4038-8f8a-fbcfb13dda98" xlink:type="arc"/>
    <link:loc xlink:type="locator" xlink:label="loc_us-gaap_AvailableForSaleSecuritiesDebtSecurities_7f3f5bee-acac-42c6-962e-d672d7549549" xlink:href="https://xbrl.fasb.org/us-gaap/2023/elts/us-gaap-2023.xsd#us-gaap_AvailableForSaleSecuritiesDebtSecurities"/>
    <link:calculationArc order="3" weight="1.0" xlink:arcrole="http://www.xbrl.org/2003/arcrole/summation-item" xlink:from="loc_aapl_CashCashEquivalentsAndMarketableSecurities_b23fe660-1c1b-4d88-8e4f-938e3727b9e8" xlink:to="loc_us-gaap_AvailableForSaleSecuritiesDebtSecurities_7f3f5bee-acac-42c6-962e-d672d7549549" xlink:type="arc"/>
    <link:loc xlink:type="locator" xlink:label="loc_us-gaap_EquitySecuritiesFvNiCost_2df652eb-1d8e-4a3a-ad97-3dbcb590e31d" xlink:href="https://xbrl.fasb.org/us-gaap/2023/elts/us-gaap-2023.xsd#us-gaap_EquitySecuritiesFvNiCost"/>
    <link:loc xlink:type="locator" xlink:label="loc_aapl_EquitySecuritiesFVNIAccumulatedGrossUnrealizedGainBeforeTax_a21a664e-b789-4131-a9e8-f75722c64ed4" xlink:href="aapl-20230701.xsd#aapl_EquitySecuritiesFVNIAccumulatedGrossUnrealizedGainBeforeTax"/>
    <link:calculationArc order="1" weight="-1.0" xlink:arcrole="http://www.xbrl.org/2003/arcrole/summation-item" xlink:from="loc_us-gaap_EquitySecuritiesFvNiCost_2df652eb-1d8e-4a3a-ad97-3dbcb590e31d" xlink:to="loc_aapl_EquitySecuritiesFVNIAccumulatedGrossUnrealizedGainBeforeTax_a21a664e-b789-4131-a9e8-f75722c64ed4" xlink:type="arc"/>
    <link:loc xlink:type="locator" xlink:label="loc_aapl_EquitySecuritiesFVNIAccumulatedGrossUnrealizedLossBeforeTax_3be06f8c-968b-49f9-a3cd-f68aa3db39ab" xlink:href="aapl-20230701.xsd#aapl_EquitySecuritiesFVNIAccumulatedGrossUnrealizedLossBeforeTax"/>
    <link:calculationArc order="2" weight="1.0" xlink:arcrole="http://www.xbrl.org/2003/arcrole/summation-item" xlink:from="loc_us-gaap_EquitySecuritiesFvNiCost_2df652eb-1d8e-4a3a-ad97-3dbcb590e31d" xlink:to="loc_aapl_EquitySecuritiesFVNIAccumulatedGrossUnrealizedLossBeforeTax_3be06f8c-968b-49f9-a3cd-f68aa3db39ab" xlink:type="arc"/>
    <link:loc xlink:type="locator" xlink:label="loc_us-gaap_EquitySecuritiesFvNiCurrentAndNoncurrent_655db13f-40d7-4a59-83bb-26a41a5bf3b1" xlink:href="https://xbrl.fasb.org/us-gaap/2023/elts/us-gaap-2023.xsd#us-gaap_EquitySecuritiesFvNiCurrentAndNoncurrent"/>
    <link:calculationArc order="3" weight="1.0" xlink:arcrole="http://www.xbrl.org/2003/arcrole/summation-item" xlink:from="loc_us-gaap_EquitySecuritiesFvNiCost_2df652eb-1d8e-4a3a-ad97-3dbcb590e31d" xlink:to="loc_us-gaap_EquitySecuritiesFvNiCurrentAndNoncurrent_655db13f-40d7-4a59-83bb-26a41a5bf3b1" xlink:type="arc"/>
    <link:loc xlink:type="locator" xlink:label="loc_aapl_CashCashEquivalentsAndMarketableSecuritiesCost_b7b96b25-64d7-44a0-ba74-829f8918cdd4" xlink:href="aapl-20230701.xsd#aapl_CashCashEquivalentsAndMarketableSecuritiesCost"/>
    <link:loc xlink:type="locator" xlink:label="loc_us-gaap_Cash_1842ddae-48e6-4fad-9fcb-030184671873" xlink:href="https://xbrl.fasb.org/us-gaap/2023/elts/us-gaap-2023.xsd#us-gaap_Cash"/>
    <link:calculationArc order="1" weight="1.0" xlink:arcrole="http://www.xbrl.org/2003/arcrole/summation-item" xlink:from="loc_aapl_CashCashEquivalentsAndMarketableSecuritiesCost_b7b96b25-64d7-44a0-ba74-829f8918cdd4" xlink:to="loc_us-gaap_Cash_1842ddae-48e6-4fad-9fcb-030184671873" xlink:type="arc"/>
    <link:loc xlink:type="locator" xlink:label="loc_us-gaap_EquitySecuritiesFvNiCost_0c49f95a-574d-4276-b842-34ec7cff7229" xlink:href="https://xbrl.fasb.org/us-gaap/2023/elts/us-gaap-2023.xsd#us-gaap_EquitySecuritiesFvNiCost"/>
    <link:calculationArc order="2" weight="1.0" xlink:arcrole="http://www.xbrl.org/2003/arcrole/summation-item" xlink:from="loc_aapl_CashCashEquivalentsAndMarketableSecuritiesCost_b7b96b25-64d7-44a0-ba74-829f8918cdd4" xlink:to="loc_us-gaap_EquitySecuritiesFvNiCost_0c49f95a-574d-4276-b842-34ec7cff7229" xlink:type="arc"/>
    <link:loc xlink:type="locator" xlink:label="loc_us-gaap_AvailableForSaleDebtSecuritiesAmortizedCostBasis_05b423f7-9298-4ec7-a458-1594f0b6ba10" xlink:href="https://xbrl.fasb.org/us-gaap/2023/elts/us-gaap-2023.xsd#us-gaap_AvailableForSaleDebtSecuritiesAmortizedCostBasis"/>
    <link:calculationArc order="3" weight="1.0" xlink:arcrole="http://www.xbrl.org/2003/arcrole/summation-item" xlink:from="loc_aapl_CashCashEquivalentsAndMarketableSecuritiesCost_b7b96b25-64d7-44a0-ba74-829f8918cdd4" xlink:to="loc_us-gaap_AvailableForSaleDebtSecuritiesAmortizedCostBasis_05b423f7-9298-4ec7-a458-1594f0b6ba10" xlink:type="arc"/>
    <link:loc xlink:type="locator" xlink:label="loc_aapl_CashEquivalentsAndMarketableSecuritiesAccumulatedGrossUnrealizedLossBeforeTax_73facc75-650a-41ce-a785-2dc3fd05fdd4" xlink:href="aapl-20230701.xsd#aapl_CashEquivalentsAndMarketableSecuritiesAccumulatedGrossUnrealizedLossBeforeTax"/>
    <link:loc xlink:type="locator" xlink:label="loc_aapl_EquitySecuritiesFVNIAccumulatedGrossUnrealizedLossBeforeTax_c436e265-cb20-4c99-a82b-05ff71671358" xlink:href="aapl-20230701.xsd#aapl_EquitySecuritiesFVNIAccumulatedGrossUnrealizedLossBeforeTax"/>
    <link:calculationArc order="1" weight="1.0" xlink:arcrole="http://www.xbrl.org/2003/arcrole/summation-item" xlink:from="loc_aapl_CashEquivalentsAndMarketableSecuritiesAccumulatedGrossUnrealizedLossBeforeTax_73facc75-650a-41ce-a785-2dc3fd05fdd4" xlink:to="loc_aapl_EquitySecuritiesFVNIAccumulatedGrossUnrealizedLossBeforeTax_c436e265-cb20-4c99-a82b-05ff71671358" xlink:type="arc"/>
    <link:loc xlink:type="locator" xlink:label="loc_us-gaap_AvailableForSaleDebtSecuritiesAccumulatedGrossUnrealizedLossBeforeTax_d152fd4a-b776-4a0e-a30a-f09e21ccfcf6" xlink:href="https://xbrl.fasb.org/us-gaap/2023/elts/us-gaap-2023.xsd#us-gaap_AvailableForSaleDebtSecuritiesAccumulatedGrossUnrealizedLossBeforeTax"/>
    <link:calculationArc order="2" weight="1.0" xlink:arcrole="http://www.xbrl.org/2003/arcrole/summation-item" xlink:from="loc_aapl_CashEquivalentsAndMarketableSecuritiesAccumulatedGrossUnrealizedLossBeforeTax_73facc75-650a-41ce-a785-2dc3fd05fdd4" xlink:to="loc_us-gaap_AvailableForSaleDebtSecuritiesAccumulatedGrossUnrealizedLossBeforeTax_d152fd4a-b776-4a0e-a30a-f09e21ccfcf6" xlink:type="arc"/>
    <link:loc xlink:type="locator" xlink:label="loc_us-gaap_AvailableForSaleDebtSecuritiesAmortizedCostBasis_84dac838-46c7-4cc2-8252-a1b7375912b7" xlink:href="https://xbrl.fasb.org/us-gaap/2023/elts/us-gaap-2023.xsd#us-gaap_AvailableForSaleDebtSecuritiesAmortizedCostBasis"/>
    <link:loc xlink:type="locator" xlink:label="loc_us-gaap_AvailableForSaleDebtSecuritiesAccumulatedGrossUnrealizedGainBeforeTax_3b19e7ed-261d-4724-b322-1208fe69fcba" xlink:href="https://xbrl.fasb.org/us-gaap/2023/elts/us-gaap-2023.xsd#us-gaap_AvailableForSaleDebtSecuritiesAccumulatedGrossUnrealizedGainBeforeTax"/>
    <link:calculationArc order="1" weight="-1.0" xlink:arcrole="http://www.xbrl.org/2003/arcrole/summation-item" xlink:from="loc_us-gaap_AvailableForSaleDebtSecuritiesAmortizedCostBasis_84dac838-46c7-4cc2-8252-a1b7375912b7" xlink:to="loc_us-gaap_AvailableForSaleDebtSecuritiesAccumulatedGrossUnrealizedGainBeforeTax_3b19e7ed-261d-4724-b322-1208fe69fcba" xlink:type="arc"/>
    <link:loc xlink:type="locator" xlink:label="loc_us-gaap_AvailableForSaleDebtSecuritiesAccumulatedGrossUnrealizedLossBeforeTax_ba23ae9d-b2d3-417f-bd67-0558a7f2dec7" xlink:href="https://xbrl.fasb.org/us-gaap/2023/elts/us-gaap-2023.xsd#us-gaap_AvailableForSaleDebtSecuritiesAccumulatedGrossUnrealizedLossBeforeTax"/>
    <link:calculationArc order="2" weight="1.0" xlink:arcrole="http://www.xbrl.org/2003/arcrole/summation-item" xlink:from="loc_us-gaap_AvailableForSaleDebtSecuritiesAmortizedCostBasis_84dac838-46c7-4cc2-8252-a1b7375912b7" xlink:to="loc_us-gaap_AvailableForSaleDebtSecuritiesAccumulatedGrossUnrealizedLossBeforeTax_ba23ae9d-b2d3-417f-bd67-0558a7f2dec7" xlink:type="arc"/>
    <link:loc xlink:type="locator" xlink:label="loc_us-gaap_AvailableForSaleSecuritiesDebtSecurities_92c841a9-170c-4497-9081-ce7c76e3ca59" xlink:href="https://xbrl.fasb.org/us-gaap/2023/elts/us-gaap-2023.xsd#us-gaap_AvailableForSaleSecuritiesDebtSecurities"/>
    <link:calculationArc order="3" weight="1.0" xlink:arcrole="http://www.xbrl.org/2003/arcrole/summation-item" xlink:from="loc_us-gaap_AvailableForSaleDebtSecuritiesAmortizedCostBasis_84dac838-46c7-4cc2-8252-a1b7375912b7" xlink:to="loc_us-gaap_AvailableForSaleSecuritiesDebtSecurities_92c841a9-170c-4497-9081-ce7c76e3ca59" xlink:type="arc"/>
    <link:loc xlink:type="locator" xlink:label="loc_aapl_CashEquivalentsAndMarketableSecuritiesAccumulatedGrossUnrealizedGainBeforeTax_09b8bc8b-9aa8-46c5-aafd-0e9760f65c0d" xlink:href="aapl-20230701.xsd#aapl_CashEquivalentsAndMarketableSecuritiesAccumulatedGrossUnrealizedGainBeforeTax"/>
    <link:loc xlink:type="locator" xlink:label="loc_aapl_EquitySecuritiesFVNIAccumulatedGrossUnrealizedGainBeforeTax_bcca0c0d-4d7b-4a0e-b167-12f6fce0531a" xlink:href="aapl-20230701.xsd#aapl_EquitySecuritiesFVNIAccumulatedGrossUnrealizedGainBeforeTax"/>
    <link:calculationArc order="1" weight="1.0" xlink:arcrole="http://www.xbrl.org/2003/arcrole/summation-item" xlink:from="loc_aapl_CashEquivalentsAndMarketableSecuritiesAccumulatedGrossUnrealizedGainBeforeTax_09b8bc8b-9aa8-46c5-aafd-0e9760f65c0d" xlink:to="loc_aapl_EquitySecuritiesFVNIAccumulatedGrossUnrealizedGainBeforeTax_bcca0c0d-4d7b-4a0e-b167-12f6fce0531a" xlink:type="arc"/>
    <link:loc xlink:type="locator" xlink:label="loc_us-gaap_AvailableForSaleDebtSecuritiesAccumulatedGrossUnrealizedGainBeforeTax_b35314e2-873f-4d04-b5b8-df89c26fcdd5" xlink:href="https://xbrl.fasb.org/us-gaap/2023/elts/us-gaap-2023.xsd#us-gaap_AvailableForSaleDebtSecuritiesAccumulatedGrossUnrealizedGainBeforeTax"/>
    <link:calculationArc order="2" weight="1.0" xlink:arcrole="http://www.xbrl.org/2003/arcrole/summation-item" xlink:from="loc_aapl_CashEquivalentsAndMarketableSecuritiesAccumulatedGrossUnrealizedGainBeforeTax_09b8bc8b-9aa8-46c5-aafd-0e9760f65c0d" xlink:to="loc_us-gaap_AvailableForSaleDebtSecuritiesAccumulatedGrossUnrealizedGainBeforeTax_b35314e2-873f-4d04-b5b8-df89c26fcdd5" xlink:type="arc"/>
    <link:loc xlink:type="locator" xlink:label="loc_us-gaap_AvailableForSaleSecuritiesDebtSecurities_f3306a97-f000-4588-9364-ec7890da5e7d" xlink:href="https://xbrl.fasb.org/us-gaap/2023/elts/us-gaap-2023.xsd#us-gaap_AvailableForSaleSecuritiesDebtSecurities"/>
    <link:loc xlink:type="locator" xlink:label="loc_us-gaap_CashAndCashEquivalentsAtCarryingValue_fa8db9c3-2f5d-462e-b80c-8376f02ee46a" xlink:href="https://xbrl.fasb.org/us-gaap/2023/elts/us-gaap-2023.xsd#us-gaap_CashAndCashEquivalentsAtCarryingValue"/>
    <link:calculationArc order="1" weight="1.0" xlink:arcrole="http://www.xbrl.org/2003/arcrole/summation-item" xlink:from="loc_us-gaap_AvailableForSaleSecuritiesDebtSecurities_f3306a97-f000-4588-9364-ec7890da5e7d" xlink:to="loc_us-gaap_CashAndCashEquivalentsAtCarryingValue_fa8db9c3-2f5d-462e-b80c-8376f02ee46a" xlink:type="arc"/>
    <link:loc xlink:type="locator" xlink:label="loc_us-gaap_MarketableSecuritiesCurrent_f6bd5b52-c747-4066-a8e9-5ed5f49ad9b0" xlink:href="https://xbrl.fasb.org/us-gaap/2023/elts/us-gaap-2023.xsd#us-gaap_MarketableSecuritiesCurrent"/>
    <link:calculationArc order="2" weight="1.0" xlink:arcrole="http://www.xbrl.org/2003/arcrole/summation-item" xlink:from="loc_us-gaap_AvailableForSaleSecuritiesDebtSecurities_f3306a97-f000-4588-9364-ec7890da5e7d" xlink:to="loc_us-gaap_MarketableSecuritiesCurrent_f6bd5b52-c747-4066-a8e9-5ed5f49ad9b0" xlink:type="arc"/>
    <link:loc xlink:type="locator" xlink:label="loc_us-gaap_MarketableSecuritiesNoncurrent_08686142-ff83-42d4-b47f-30694b1cfda5" xlink:href="https://xbrl.fasb.org/us-gaap/2023/elts/us-gaap-2023.xsd#us-gaap_MarketableSecuritiesNoncurrent"/>
    <link:calculationArc order="3" weight="1.0" xlink:arcrole="http://www.xbrl.org/2003/arcrole/summation-item" xlink:from="loc_us-gaap_AvailableForSaleSecuritiesDebtSecurities_f3306a97-f000-4588-9364-ec7890da5e7d" xlink:to="loc_us-gaap_MarketableSecuritiesNoncurrent_08686142-ff83-42d4-b47f-30694b1cfda5" xlink:type="arc"/>
  </link:calculationLink>
  <link:roleRef roleURI="http://www.apple.com/role/FinancialInstrumentsCashCashEquivalentsandMarketableSecuritiesDetails_1" xlink:type="simple" xlink:href="aapl-20230701.xsd#FinancialInstrumentsCashCashEquivalentsandMarketableSecuritiesDetails_1"/>
  <link:calculationLink xlink:role="http://www.apple.com/role/FinancialInstrumentsCashCashEquivalentsandMarketableSecuritiesDetails_1" xlink:type="extended">
    <link:loc xlink:type="locator" xlink:label="loc_aapl_CashCashEquivalentsAndMarketableSecurities_f0f6609d-d146-4e88-a9b1-e3e24ba29448" xlink:href="aapl-20230701.xsd#aapl_CashCashEquivalentsAndMarketableSecurities"/>
    <link:loc xlink:type="locator" xlink:label="loc_us-gaap_CashAndCashEquivalentsAtCarryingValue_013d6c5b-8bbb-4c0a-8554-e88aecf57fb9" xlink:href="https://xbrl.fasb.org/us-gaap/2023/elts/us-gaap-2023.xsd#us-gaap_CashAndCashEquivalentsAtCarryingValue"/>
    <link:calculationArc order="1" weight="1.0" xlink:arcrole="http://www.xbrl.org/2003/arcrole/summation-item" xlink:from="loc_aapl_CashCashEquivalentsAndMarketableSecurities_f0f6609d-d146-4e88-a9b1-e3e24ba29448" xlink:to="loc_us-gaap_CashAndCashEquivalentsAtCarryingValue_013d6c5b-8bbb-4c0a-8554-e88aecf57fb9" xlink:type="arc"/>
    <link:loc xlink:type="locator" xlink:label="loc_us-gaap_MarketableSecuritiesCurrent_f5558bf5-1fc1-42ac-b3d4-07400392b934" xlink:href="https://xbrl.fasb.org/us-gaap/2023/elts/us-gaap-2023.xsd#us-gaap_MarketableSecuritiesCurrent"/>
    <link:calculationArc order="2" weight="1.0" xlink:arcrole="http://www.xbrl.org/2003/arcrole/summation-item" xlink:from="loc_aapl_CashCashEquivalentsAndMarketableSecurities_f0f6609d-d146-4e88-a9b1-e3e24ba29448" xlink:to="loc_us-gaap_MarketableSecuritiesCurrent_f5558bf5-1fc1-42ac-b3d4-07400392b934" xlink:type="arc"/>
    <link:loc xlink:type="locator" xlink:label="loc_us-gaap_MarketableSecuritiesNoncurrent_768af75c-1e32-4808-95cd-24b0ccf4d8e2" xlink:href="https://xbrl.fasb.org/us-gaap/2023/elts/us-gaap-2023.xsd#us-gaap_MarketableSecuritiesNoncurrent"/>
    <link:calculationArc order="3" weight="1.0" xlink:arcrole="http://www.xbrl.org/2003/arcrole/summation-item" xlink:from="loc_aapl_CashCashEquivalentsAndMarketableSecurities_f0f6609d-d146-4e88-a9b1-e3e24ba29448" xlink:to="loc_us-gaap_MarketableSecuritiesNoncurrent_768af75c-1e32-4808-95cd-24b0ccf4d8e2" xlink:type="arc"/>
    <link:loc xlink:type="locator" xlink:label="loc_aapl_CashCashEquivalentsAndMarketableSecuritiesCost_b7eb7d74-8ce1-4cc8-b57b-11d604c3f4d6" xlink:href="aapl-20230701.xsd#aapl_CashCashEquivalentsAndMarketableSecuritiesCost"/>
    <link:loc xlink:type="locator" xlink:label="loc_aapl_CashEquivalentsAndMarketableSecuritiesAccumulatedGrossUnrealizedGainBeforeTax_a8dc6f70-427f-474a-8f15-4c4309f73ece" xlink:href="aapl-20230701.xsd#aapl_CashEquivalentsAndMarketableSecuritiesAccumulatedGrossUnrealizedGainBeforeTax"/>
    <link:calculationArc order="1" weight="-1.0" xlink:arcrole="http://www.xbrl.org/2003/arcrole/summation-item" xlink:from="loc_aapl_CashCashEquivalentsAndMarketableSecuritiesCost_b7eb7d74-8ce1-4cc8-b57b-11d604c3f4d6" xlink:to="loc_aapl_CashEquivalentsAndMarketableSecuritiesAccumulatedGrossUnrealizedGainBeforeTax_a8dc6f70-427f-474a-8f15-4c4309f73ece" xlink:type="arc"/>
    <link:loc xlink:type="locator" xlink:label="loc_aapl_CashEquivalentsAndMarketableSecuritiesAccumulatedGrossUnrealizedLossBeforeTax_c671b1e0-d033-45d3-8b70-826ead40197d" xlink:href="aapl-20230701.xsd#aapl_CashEquivalentsAndMarketableSecuritiesAccumulatedGrossUnrealizedLossBeforeTax"/>
    <link:calculationArc order="2" weight="1.0" xlink:arcrole="http://www.xbrl.org/2003/arcrole/summation-item" xlink:from="loc_aapl_CashCashEquivalentsAndMarketableSecuritiesCost_b7eb7d74-8ce1-4cc8-b57b-11d604c3f4d6" xlink:to="loc_aapl_CashEquivalentsAndMarketableSecuritiesAccumulatedGrossUnrealizedLossBeforeTax_c671b1e0-d033-45d3-8b70-826ead40197d" xlink:type="arc"/>
    <link:loc xlink:type="locator" xlink:label="loc_aapl_CashCashEquivalentsAndMarketableSecurities_49926bf8-4a18-44b7-ae11-a31e86a74eee" xlink:href="aapl-20230701.xsd#aapl_CashCashEquivalentsAndMarketableSecurities"/>
    <link:calculationArc order="3" weight="1.0" xlink:arcrole="http://www.xbrl.org/2003/arcrole/summation-item" xlink:from="loc_aapl_CashCashEquivalentsAndMarketableSecuritiesCost_b7eb7d74-8ce1-4cc8-b57b-11d604c3f4d6" xlink:to="loc_aapl_CashCashEquivalentsAndMarketableSecurities_49926bf8-4a18-44b7-ae11-a31e86a74eee" xlink:type="arc"/>
  </link:calculationLink>
  <link:roleRef roleURI="http://www.apple.com/role/FinancialInstrumentsNonCurrentMarketableDebtSecuritiesbyContractualMaturityDetails" xlink:type="simple" xlink:href="aapl-20230701.xsd#FinancialInstrumentsNonCurrentMarketableDebtSecuritiesbyContractualMaturityDetails"/>
  <link:calculationLink xlink:role="http://www.apple.com/role/FinancialInstrumentsNonCurrentMarketableDebtSecuritiesbyContractualMaturityDetails" xlink:type="extended">
    <link:loc xlink:type="locator" xlink:label="loc_us-gaap_AvailableForSaleSecuritiesDebtMaturitiesSingleMaturityDate_d1f3042b-6772-44e6-89d7-53c7c086e5d6" xlink:href="https://xbrl.fasb.org/us-gaap/2023/elts/us-gaap-2023.xsd#us-gaap_AvailableForSaleSecuritiesDebtMaturitiesSingleMaturityDate"/>
    <link:loc xlink:type="locator" xlink:label="loc_us-gaap_AvailableForSaleSecuritiesDebtMaturitiesRollingYearTwoThroughFiveFairValue_adf1f3a0-e492-4da9-b13e-1309089191b1" xlink:href="https://xbrl.fasb.org/us-gaap/2023/elts/us-gaap-2023.xsd#us-gaap_AvailableForSaleSecuritiesDebtMaturitiesRollingYearTwoThroughFiveFairValue"/>
    <link:calculationArc order="1" weight="1.0" xlink:arcrole="http://www.xbrl.org/2003/arcrole/summation-item" xlink:from="loc_us-gaap_AvailableForSaleSecuritiesDebtMaturitiesSingleMaturityDate_d1f3042b-6772-44e6-89d7-53c7c086e5d6" xlink:to="loc_us-gaap_AvailableForSaleSecuritiesDebtMaturitiesRollingYearTwoThroughFiveFairValue_adf1f3a0-e492-4da9-b13e-1309089191b1" xlink:type="arc"/>
    <link:loc xlink:type="locator" xlink:label="loc_us-gaap_AvailableForSaleSecuritiesDebtMaturitiesRollingYearSixThroughTenFairValue_7fec6f8e-db64-42e1-a22c-0f45d27d5835" xlink:href="https://xbrl.fasb.org/us-gaap/2023/elts/us-gaap-2023.xsd#us-gaap_AvailableForSaleSecuritiesDebtMaturitiesRollingYearSixThroughTenFairValue"/>
    <link:calculationArc order="2" weight="1.0" xlink:arcrole="http://www.xbrl.org/2003/arcrole/summation-item" xlink:from="loc_us-gaap_AvailableForSaleSecuritiesDebtMaturitiesSingleMaturityDate_d1f3042b-6772-44e6-89d7-53c7c086e5d6" xlink:to="loc_us-gaap_AvailableForSaleSecuritiesDebtMaturitiesRollingYearSixThroughTenFairValue_7fec6f8e-db64-42e1-a22c-0f45d27d5835" xlink:type="arc"/>
    <link:loc xlink:type="locator" xlink:label="loc_us-gaap_AvailableForSaleSecuritiesDebtMaturitiesRollingAfterYearTenFairValue_85909f45-5093-44aa-8e16-d05912aa24ae" xlink:href="https://xbrl.fasb.org/us-gaap/2023/elts/us-gaap-2023.xsd#us-gaap_AvailableForSaleSecuritiesDebtMaturitiesRollingAfterYearTenFairValue"/>
    <link:calculationArc order="3" weight="1.0" xlink:arcrole="http://www.xbrl.org/2003/arcrole/summation-item" xlink:from="loc_us-gaap_AvailableForSaleSecuritiesDebtMaturitiesSingleMaturityDate_d1f3042b-6772-44e6-89d7-53c7c086e5d6" xlink:to="loc_us-gaap_AvailableForSaleSecuritiesDebtMaturitiesRollingAfterYearTenFairValue_85909f45-5093-44aa-8e16-d05912aa24ae" xlink:type="arc"/>
  </link:calculationLink>
  <link:roleRef roleURI="http://www.apple.com/role/CondensedConsolidatedFinancialStatementDetailsInventoriesDetails" xlink:type="simple" xlink:href="aapl-20230701.xsd#CondensedConsolidatedFinancialStatementDetailsInventoriesDetails"/>
  <link:calculationLink xlink:role="http://www.apple.com/role/CondensedConsolidatedFinancialStatementDetailsInventoriesDetails" xlink:type="extended">
    <link:loc xlink:type="locator" xlink:label="loc_us-gaap_InventoryNet_bc421699-c0a5-4f6f-9038-5780be4d4aae" xlink:href="https://xbrl.fasb.org/us-gaap/2023/elts/us-gaap-2023.xsd#us-gaap_InventoryNet"/>
    <link:loc xlink:type="locator" xlink:label="loc_us-gaap_InventoryRawMaterialsAndPurchasedPartsNetOfReserves_ceaf2006-5199-4849-8f45-5c00b958731b" xlink:href="https://xbrl.fasb.org/us-gaap/2023/elts/us-gaap-2023.xsd#us-gaap_InventoryRawMaterialsAndPurchasedPartsNetOfReserves"/>
    <link:calculationArc order="1" weight="1.0" xlink:arcrole="http://www.xbrl.org/2003/arcrole/summation-item" xlink:from="loc_us-gaap_InventoryNet_bc421699-c0a5-4f6f-9038-5780be4d4aae" xlink:to="loc_us-gaap_InventoryRawMaterialsAndPurchasedPartsNetOfReserves_ceaf2006-5199-4849-8f45-5c00b958731b" xlink:type="arc"/>
    <link:loc xlink:type="locator" xlink:label="loc_us-gaap_InventoryFinishedGoodsNetOfReserves_98aab97e-3742-4423-912d-907d11e35f92" xlink:href="https://xbrl.fasb.org/us-gaap/2023/elts/us-gaap-2023.xsd#us-gaap_InventoryFinishedGoodsNetOfReserves"/>
    <link:calculationArc order="2" weight="1.0" xlink:arcrole="http://www.xbrl.org/2003/arcrole/summation-item" xlink:from="loc_us-gaap_InventoryNet_bc421699-c0a5-4f6f-9038-5780be4d4aae" xlink:to="loc_us-gaap_InventoryFinishedGoodsNetOfReserves_98aab97e-3742-4423-912d-907d11e35f92" xlink:type="arc"/>
  </link:calculationLink>
  <link:roleRef roleURI="http://www.apple.com/role/CondensedConsolidatedFinancialStatementDetailsPropertyPlantandEquipmentNetDetails" xlink:type="simple" xlink:href="aapl-20230701.xsd#CondensedConsolidatedFinancialStatementDetailsPropertyPlantandEquipmentNetDetails"/>
  <link:calculationLink xlink:role="http://www.apple.com/role/CondensedConsolidatedFinancialStatementDetailsPropertyPlantandEquipmentNetDetails" xlink:type="extended">
    <link:loc xlink:type="locator" xlink:label="loc_us-gaap_PropertyPlantAndEquipmentNet_12a32d6d-a0c7-4620-9cd1-afa8d838161f" xlink:href="https://xbrl.fasb.org/us-gaap/2023/elts/us-gaap-2023.xsd#us-gaap_PropertyPlantAndEquipmentNet"/>
    <link:loc xlink:type="locator" xlink:label="loc_us-gaap_PropertyPlantAndEquipmentGross_0d353ed0-3520-4dc9-b625-0bbdda76adb1" xlink:href="https://xbrl.fasb.org/us-gaap/2023/elts/us-gaap-2023.xsd#us-gaap_PropertyPlantAndEquipmentGross"/>
    <link:calculationArc order="1" weight="1.0" xlink:arcrole="http://www.xbrl.org/2003/arcrole/summation-item" xlink:from="loc_us-gaap_PropertyPlantAndEquipmentNet_12a32d6d-a0c7-4620-9cd1-afa8d838161f" xlink:to="loc_us-gaap_PropertyPlantAndEquipmentGross_0d353ed0-3520-4dc9-b625-0bbdda76adb1" xlink:type="arc"/>
    <link:loc xlink:type="locator" xlink:label="loc_us-gaap_AccumulatedDepreciationDepletionAndAmortizationPropertyPlantAndEquipment_b246b6dc-3298-44e2-b33d-e4aaf47355a4" xlink:href="https://xbrl.fasb.org/us-gaap/2023/elts/us-gaap-2023.xsd#us-gaap_AccumulatedDepreciationDepletionAndAmortizationPropertyPlantAndEquipment"/>
    <link:calculationArc order="2" weight="-1.0" xlink:arcrole="http://www.xbrl.org/2003/arcrole/summation-item" xlink:from="loc_us-gaap_PropertyPlantAndEquipmentNet_12a32d6d-a0c7-4620-9cd1-afa8d838161f" xlink:to="loc_us-gaap_AccumulatedDepreciationDepletionAndAmortizationPropertyPlantAndEquipment_b246b6dc-3298-44e2-b33d-e4aaf47355a4" xlink:type="arc"/>
  </link:calculationLink>
  <link:roleRef roleURI="http://www.apple.com/role/CondensedConsolidatedFinancialStatementDetailsOtherIncomeExpenseNetDetails" xlink:type="simple" xlink:href="aapl-20230701.xsd#CondensedConsolidatedFinancialStatementDetailsOtherIncomeExpenseNetDetails"/>
  <link:calculationLink xlink:role="http://www.apple.com/role/CondensedConsolidatedFinancialStatementDetailsOtherIncomeExpenseNetDetails" xlink:type="extended">
    <link:loc xlink:type="locator" xlink:label="loc_us-gaap_NonoperatingIncomeExpense_e1fe12ad-dca2-43ed-8b88-8a3a7e1973e7" xlink:href="https://xbrl.fasb.org/us-gaap/2023/elts/us-gaap-2023.xsd#us-gaap_NonoperatingIncomeExpense"/>
    <link:loc xlink:type="locator" xlink:label="loc_us-gaap_InvestmentIncomeInterestAndDividend_c1cb30a9-e1c6-46c6-bbc8-6ceeb7faacec" xlink:href="https://xbrl.fasb.org/us-gaap/2023/elts/us-gaap-2023.xsd#us-gaap_InvestmentIncomeInterestAndDividend"/>
    <link:calculationArc order="1" weight="1.0" xlink:arcrole="http://www.xbrl.org/2003/arcrole/summation-item" xlink:from="loc_us-gaap_NonoperatingIncomeExpense_e1fe12ad-dca2-43ed-8b88-8a3a7e1973e7" xlink:to="loc_us-gaap_InvestmentIncomeInterestAndDividend_c1cb30a9-e1c6-46c6-bbc8-6ceeb7faacec" xlink:type="arc"/>
    <link:loc xlink:type="locator" xlink:label="loc_us-gaap_InterestExpense_6027436a-75d3-4f6e-b717-0be50d22de57" xlink:href="https://xbrl.fasb.org/us-gaap/2023/elts/us-gaap-2023.xsd#us-gaap_InterestExpense"/>
    <link:calculationArc order="2" weight="-1.0" xlink:arcrole="http://www.xbrl.org/2003/arcrole/summation-item" xlink:from="loc_us-gaap_NonoperatingIncomeExpense_e1fe12ad-dca2-43ed-8b88-8a3a7e1973e7" xlink:to="loc_us-gaap_InterestExpense_6027436a-75d3-4f6e-b717-0be50d22de57" xlink:type="arc"/>
    <link:loc xlink:type="locator" xlink:label="loc_us-gaap_OtherNonoperatingIncomeExpense_d9c18afe-475d-4f6e-b08b-7b923f5f882d" xlink:href="https://xbrl.fasb.org/us-gaap/2023/elts/us-gaap-2023.xsd#us-gaap_OtherNonoperatingIncomeExpense"/>
    <link:calculationArc order="3" weight="1.0" xlink:arcrole="http://www.xbrl.org/2003/arcrole/summation-item" xlink:from="loc_us-gaap_NonoperatingIncomeExpense_e1fe12ad-dca2-43ed-8b88-8a3a7e1973e7" xlink:to="loc_us-gaap_OtherNonoperatingIncomeExpense_d9c18afe-475d-4f6e-b08b-7b923f5f882d" xlink:type="arc"/>
  </link:calculationLink>
  <link:roleRef roleURI="http://www.apple.com/role/DebtSummaryofCashFlowsAssociatedwithCommercialPaperDetails" xlink:type="simple" xlink:href="aapl-20230701.xsd#DebtSummaryofCashFlowsAssociatedwithCommercialPaperDetails"/>
  <link:calculationLink xlink:role="http://www.apple.com/role/DebtSummaryofCashFlowsAssociatedwithCommercialPaperDetails" xlink:type="extended">
    <link:loc xlink:type="locator" xlink:label="loc_us-gaap_ProceedsFromRepaymentsOfShortTermDebtMaturingInMoreThanThreeMonths_172140c6-2605-4efa-97f2-b51031a05adb" xlink:href="https://xbrl.fasb.org/us-gaap/2023/elts/us-gaap-2023.xsd#us-gaap_ProceedsFromRepaymentsOfShortTermDebtMaturingInMoreThanThreeMonths"/>
    <link:loc xlink:type="locator" xlink:label="loc_us-gaap_ProceedsFromShortTermDebtMaturingInMoreThanThreeMonths_90483de7-2fc8-4d6b-b594-db54a619dc22" xlink:href="https://xbrl.fasb.org/us-gaap/2023/elts/us-gaap-2023.xsd#us-gaap_ProceedsFromShortTermDebtMaturingInMoreThanThreeMonths"/>
    <link:calculationArc order="1" weight="1.0" xlink:arcrole="http://www.xbrl.org/2003/arcrole/summation-item" xlink:from="loc_us-gaap_ProceedsFromRepaymentsOfShortTermDebtMaturingInMoreThanThreeMonths_172140c6-2605-4efa-97f2-b51031a05adb" xlink:to="loc_us-gaap_ProceedsFromShortTermDebtMaturingInMoreThanThreeMonths_90483de7-2fc8-4d6b-b594-db54a619dc22" xlink:type="arc"/>
    <link:loc xlink:type="locator" xlink:label="loc_us-gaap_RepaymentsOfShortTermDebtMaturingInMoreThanThreeMonths_6afe38d3-0850-4166-930a-1a6090faf148" xlink:href="https://xbrl.fasb.org/us-gaap/2023/elts/us-gaap-2023.xsd#us-gaap_RepaymentsOfShortTermDebtMaturingInMoreThanThreeMonths"/>
    <link:calculationArc order="2" weight="-1.0" xlink:arcrole="http://www.xbrl.org/2003/arcrole/summation-item" xlink:from="loc_us-gaap_ProceedsFromRepaymentsOfShortTermDebtMaturingInMoreThanThreeMonths_172140c6-2605-4efa-97f2-b51031a05adb" xlink:to="loc_us-gaap_RepaymentsOfShortTermDebtMaturingInMoreThanThreeMonths_6afe38d3-0850-4166-930a-1a6090faf148" xlink:type="arc"/>
    <link:loc xlink:type="locator" xlink:label="loc_us-gaap_ProceedsFromRepaymentsOfCommercialPaper_4ae13bbe-459b-4bdb-b73d-b4a3a0c0e6cb" xlink:href="https://xbrl.fasb.org/us-gaap/2023/elts/us-gaap-2023.xsd#us-gaap_ProceedsFromRepaymentsOfCommercialPaper"/>
    <link:loc xlink:type="locator" xlink:label="loc_us-gaap_ProceedsFromRepaymentsOfShortTermDebtMaturingInThreeMonthsOrLess_2a578890-76b9-46f1-9905-5f8a41f3173c" xlink:href="https://xbrl.fasb.org/us-gaap/2023/elts/us-gaap-2023.xsd#us-gaap_ProceedsFromRepaymentsOfShortTermDebtMaturingInThreeMonthsOrLess"/>
    <link:calculationArc order="1" weight="1.0" xlink:arcrole="http://www.xbrl.org/2003/arcrole/summation-item" xlink:from="loc_us-gaap_ProceedsFromRepaymentsOfCommercialPaper_4ae13bbe-459b-4bdb-b73d-b4a3a0c0e6cb" xlink:to="loc_us-gaap_ProceedsFromRepaymentsOfShortTermDebtMaturingInThreeMonthsOrLess_2a578890-76b9-46f1-9905-5f8a41f3173c" xlink:type="arc"/>
    <link:loc xlink:type="locator" xlink:label="loc_us-gaap_ProceedsFromRepaymentsOfShortTermDebtMaturingInMoreThanThreeMonths_f3272d29-7f18-4fe3-b3e9-53df99336a10" xlink:href="https://xbrl.fasb.org/us-gaap/2023/elts/us-gaap-2023.xsd#us-gaap_ProceedsFromRepaymentsOfShortTermDebtMaturingInMoreThanThreeMonths"/>
    <link:calculationArc order="2" weight="1.0" xlink:arcrole="http://www.xbrl.org/2003/arcrole/summation-item" xlink:from="loc_us-gaap_ProceedsFromRepaymentsOfCommercialPaper_4ae13bbe-459b-4bdb-b73d-b4a3a0c0e6cb" xlink:to="loc_us-gaap_ProceedsFromRepaymentsOfShortTermDebtMaturingInMoreThanThreeMonths_f3272d29-7f18-4fe3-b3e9-53df99336a10" xlink:type="arc"/>
  </link:calculationLink>
  <link:roleRef roleURI="http://www.apple.com/role/CommitmentsandContingenciesFuturePaymentsUnderUnconditionalPurchaseObligationsDetails" xlink:type="simple" xlink:href="aapl-20230701.xsd#CommitmentsandContingenciesFuturePaymentsUnderUnconditionalPurchaseObligationsDetails"/>
  <link:calculationLink xlink:role="http://www.apple.com/role/CommitmentsandContingenciesFuturePaymentsUnderUnconditionalPurchaseObligationsDetails" xlink:type="extended">
    <link:loc xlink:type="locator" xlink:label="loc_us-gaap_UnrecordedUnconditionalPurchaseObligationBalanceSheetAmount_d62cf9d3-02d8-454d-9cfb-a7b05d98f652" xlink:href="https://xbrl.fasb.org/us-gaap/2023/elts/us-gaap-2023.xsd#us-gaap_UnrecordedUnconditionalPurchaseObligationBalanceSheetAmount"/>
    <link:loc xlink:type="locator" xlink:label="loc_us-gaap_UnrecordedUnconditionalPurchaseObligationDueInRemainderOfFiscalYear_1866d5df-ca83-4de5-b203-f89866ee7602" xlink:href="https://xbrl.fasb.org/us-gaap/2023/elts/us-gaap-2023.xsd#us-gaap_UnrecordedUnconditionalPurchaseObligationDueInRemainderOfFiscalYear"/>
    <link:calculationArc order="1" weight="1.0" xlink:arcrole="http://www.xbrl.org/2003/arcrole/summation-item" xlink:from="loc_us-gaap_UnrecordedUnconditionalPurchaseObligationBalanceSheetAmount_d62cf9d3-02d8-454d-9cfb-a7b05d98f652" xlink:to="loc_us-gaap_UnrecordedUnconditionalPurchaseObligationDueInRemainderOfFiscalYear_1866d5df-ca83-4de5-b203-f89866ee7602" xlink:type="arc"/>
    <link:loc xlink:type="locator" xlink:label="loc_us-gaap_UnrecordedUnconditionalPurchaseObligationBalanceOnFirstAnniversary_7f35556c-c4f6-48c1-b2d5-b8bdf8d45dec" xlink:href="https://xbrl.fasb.org/us-gaap/2023/elts/us-gaap-2023.xsd#us-gaap_UnrecordedUnconditionalPurchaseObligationBalanceOnFirstAnniversary"/>
    <link:calculationArc order="2" weight="1.0" xlink:arcrole="http://www.xbrl.org/2003/arcrole/summation-item" xlink:from="loc_us-gaap_UnrecordedUnconditionalPurchaseObligationBalanceSheetAmount_d62cf9d3-02d8-454d-9cfb-a7b05d98f652" xlink:to="loc_us-gaap_UnrecordedUnconditionalPurchaseObligationBalanceOnFirstAnniversary_7f35556c-c4f6-48c1-b2d5-b8bdf8d45dec" xlink:type="arc"/>
    <link:loc xlink:type="locator" xlink:label="loc_us-gaap_UnrecordedUnconditionalPurchaseObligationBalanceOnSecondAnniversary_95e6577d-9752-49f5-ad07-34f2c8662009" xlink:href="https://xbrl.fasb.org/us-gaap/2023/elts/us-gaap-2023.xsd#us-gaap_UnrecordedUnconditionalPurchaseObligationBalanceOnSecondAnniversary"/>
    <link:calculationArc order="3" weight="1.0" xlink:arcrole="http://www.xbrl.org/2003/arcrole/summation-item" xlink:from="loc_us-gaap_UnrecordedUnconditionalPurchaseObligationBalanceSheetAmount_d62cf9d3-02d8-454d-9cfb-a7b05d98f652" xlink:to="loc_us-gaap_UnrecordedUnconditionalPurchaseObligationBalanceOnSecondAnniversary_95e6577d-9752-49f5-ad07-34f2c8662009" xlink:type="arc"/>
    <link:loc xlink:type="locator" xlink:label="loc_us-gaap_UnrecordedUnconditionalPurchaseObligationBalanceOnThirdAnniversary_8915cbd3-9bd1-4e56-8d34-b0aa8fcd7a74" xlink:href="https://xbrl.fasb.org/us-gaap/2023/elts/us-gaap-2023.xsd#us-gaap_UnrecordedUnconditionalPurchaseObligationBalanceOnThirdAnniversary"/>
    <link:calculationArc order="4" weight="1.0" xlink:arcrole="http://www.xbrl.org/2003/arcrole/summation-item" xlink:from="loc_us-gaap_UnrecordedUnconditionalPurchaseObligationBalanceSheetAmount_d62cf9d3-02d8-454d-9cfb-a7b05d98f652" xlink:to="loc_us-gaap_UnrecordedUnconditionalPurchaseObligationBalanceOnThirdAnniversary_8915cbd3-9bd1-4e56-8d34-b0aa8fcd7a74" xlink:type="arc"/>
    <link:loc xlink:type="locator" xlink:label="loc_us-gaap_UnrecordedUnconditionalPurchaseObligationBalanceOnFourthAnniversary_46b335bd-994a-489c-a3c7-f1c4fd70fcec" xlink:href="https://xbrl.fasb.org/us-gaap/2023/elts/us-gaap-2023.xsd#us-gaap_UnrecordedUnconditionalPurchaseObligationBalanceOnFourthAnniversary"/>
    <link:calculationArc order="5" weight="1.0" xlink:arcrole="http://www.xbrl.org/2003/arcrole/summation-item" xlink:from="loc_us-gaap_UnrecordedUnconditionalPurchaseObligationBalanceSheetAmount_d62cf9d3-02d8-454d-9cfb-a7b05d98f652" xlink:to="loc_us-gaap_UnrecordedUnconditionalPurchaseObligationBalanceOnFourthAnniversary_46b335bd-994a-489c-a3c7-f1c4fd70fcec" xlink:type="arc"/>
    <link:loc xlink:type="locator" xlink:label="loc_aapl_UnrecordedUnconditionalPurchaseObligationToBePaidAfterYearFour_9557f7bc-1109-494e-87ff-2f2e180ccb72" xlink:href="aapl-20230701.xsd#aapl_UnrecordedUnconditionalPurchaseObligationToBePaidAfterYearFour"/>
    <link:calculationArc order="6" weight="1.0" xlink:arcrole="http://www.xbrl.org/2003/arcrole/summation-item" xlink:from="loc_us-gaap_UnrecordedUnconditionalPurchaseObligationBalanceSheetAmount_d62cf9d3-02d8-454d-9cfb-a7b05d98f652" xlink:to="loc_aapl_UnrecordedUnconditionalPurchaseObligationToBePaidAfterYearFour_9557f7bc-1109-494e-87ff-2f2e180ccb72" xlink:type="arc"/>
  </link:calculationLink>
</link:linkbase>